x,y,z
-5.6160557081350985e-11,1.596550547618434e-14,0.0
-2.4162995553769413e-08,1.1107377329533758e-13,0.0
-1.7002877338394306e-07,2.189352209517491e-13,0.0
-1.1365327061111124e-06,2.8358760848645983e-13,0.0
-2.6803726422010016e-06,2.981042922074566e-13,0.0
-6.857080856298306e-06,3.483778336520244e-13,0.0
-1.0999279521719894e-05,2.938661989831643e-13,0.0
-1.9061663167138777e-05,2.1116801528901918e-13,0.0
-2.5451356998282855e-05,1.8171161488289132e-13,0.0
-3.614402614807364e-05,1.6518033617441384e-13,0.0
-4.376881731290388e-05,1.6454497239577115e-13,0.0
-5.5546555250296736e-05,1.708288064609284e-13,0.0
-6.339903991036663e-05,1.7739775050999584e-13,0.0
-7.480873421416822e-05,1.8884547756494335e-13,0.0
-8.196449902000803e-05,1.9694359001506738e-13,0.0
-9.169137035060934e-05,2.0930354163213137e-13,0.0
-9.73239557504874e-05,2.1844673258108454e-13,0.0
-0.00010213905354251454,2.2812094257968557e-13,0.0
-0.00010759232449462564,2.431164314591482e-13,0.0
-0.00010990146579679777,2.5325172621397317e-13,0.0
-0.00011114484177066808,2.6857456028558337e-13,0.0
-0.00011037108022412917,2.7889081047507236e-13,0.0
-0.00010661725493365821,2.9460457990648935e-13,0.0
-0.00010228754954755857,3.0898208284114684e-13,0.0
-9.279499045526329e-05,2.4433733348992886e-12,0.0
-8.374709149717709e-05,5.2189036474120495e-12,0.0
-6.437853835413861e-05,4.140038772015974e-12,0.0
-4.834614486728695e-05,1.4837792568505074e-12,0.0
-2.3513205277791984e-05,-6.694406948859122e-13,0.0
-8.887588629172297e-06,-6.809731141860892e-13,0.0
6.48799685379031e-06,-2.500409848597452e-13,0.0
1.0614212016105893e-05,-2.2562825464920945e-13,0.0
5.7249897351264e-06,-4.778408510043905e-13,0.0
-5.2187575609930006e-06,-6.307095574571874e-13,0.0
-3.244007834613265e-05,-7.273078434390432e-13,0.0
-5.685032900106681e-05,-7.610199010568242e-13,0.0
-0.00010072112929257971,-8.360857004681621e-13,0.0
-0.000133441761137273,-8.955801300581041e-13,0.0
-0.0001678999208265029,-9.501818556730875e-13,0.0
-0.00022121182766822098,-1.0169045398024383e-12,0.0
-0.0002570127107373651,-1.0546752578138566e-12,0.0
-0.00031022309407149505,-1.1063588017017971e-12,0.0
-0.00034513032282839913,-1.137415770340988e-12,0.0
-0.0003965695829102621,-1.1768204505859398e-12,0.0
-0.00043031607045075626,-1.1974833748687786e-12,0.0
-0.000480269572642463,-1.2192927302561228e-12,0.0
-0.0005131768084944214,-1.2271309184004618e-12,0.0
-0.0005618988154047834,-1.227460622819483e-12,0.0
-0.0005938485489965331,-1.2192805437930422e-12,0.0
-0.0006407010005064517,-1.193590100751131e-12,0.0
-0.0006710448707172158,-1.1674371204063743e-12,0.0
-0.0007149747914641909,-1.1151799344719586e-12,0.0
-0.000743127995945712,-1.0722578095071592e-12,0.0
-0.0007836929524393598,-9.971172691581265e-13,0.0
-0.0008097523990646377,-9.407572896585847e-13,0.0
-0.000847748436807071,-8.484301566166845e-13,0.0
-0.0008726500649352381,-7.825919673223249e-13,0.0
-0.0008974834051265515,-7.140055489770007e-13,0.0
-0.0009351512007450395,-6.07104321770646e-13,0.0
-0.0009609014421455708,-5.338074500453449e-13,0.0
-0.0010010657164214408,-4.21770749550989e-13,0.0
-0.0010291795158943013,-3.461555231058001e-13,0.0
-0.0010738495345258084,-2.320687922111985e-13,0.0
-0.0011055695649183602,-1.5597423279388168e-13,0.0
-0.001156531544462615,-4.250043451701042e-14,0.0
-0.001193051158794731,3.2238399053933765e-14,0.0
-0.0012521889274530135,1.4207805660526514e-13,0.0
-0.001294862995277324,2.1321804570572874e-13,0.0
-0.0013643738861621236,3.1574571942302527e-13,0.0
-0.0014147559196034597,3.8067293277780684e-13,0.0
-0.0014970164101435301,4.718402464091762e-13,0.0
-0.0015566485908680714,5.278532348742001e-13,0.0
-0.0016537643416195463,6.037322129987804e-13,0.0
-0.0017238280009681194,6.483630751612628e-13,0.0
-0.0018371133475246053,7.055567947553938e-13,0.0
-0.001918127047824211,7.367599157649391e-13,0.0
-0.002003489944063902,7.621191234347237e-13,0.0
-0.0021394758821332398,7.885914106174184e-13,0.0
-0.0022352137158848117,7.981561717787215e-13,0.0
-0.0023859574286892575,8.000177054521477e-13,0.0
-0.00249087271020179,7.927823287952243e-13,0.0
-0.0026542196097532264,7.688798938824018e-13,0.0
-0.0027666843030690453,7.440252895927292e-13,0.0
-0.0029399757004497005,6.930147545495383e-13,0.0
-0.0030581063725578254,6.496833654974456e-13,0.0
-0.003238394530720361,5.704589637835186e-13,0.0
-0.00336016364206737,5.08050796860781e-13,0.0
-0.0035443409436567803,3.9994331714318465e-13,0.0
-0.0036676479087840433,3.1820360155580153e-13,0.0
-0.0038525503566613937,1.8119875542021906e-13,0.0
-0.003975298632733103,8.040581551610549e-14,0.0
-0.004157845536583984,-8.458206526983878e-14,0.0
-0.004278054572603666,-2.034631863452098e-13,0.0
-0.004455442172461233,-3.9443647585379485e-13,0.0
-0.004571388418730131,-5.297225892777168e-13,0.0
-0.004685230425341866,-6.710259697647754e-13,0.0
-0.004851657136576283,-8.929327348202228e-13,0.0
-0.004959512140210279,-1.0468870706940188e-12,0.0
-0.005116408370860453,-1.2858013675343733e-12,0.0
-0.005217672973744989,-1.4496382995949635e-12,0.0
-0.0053645548517079035,-1.7008037641792612e-12,0.0
-0.005459188893570896,-1.871875107160924e-12,0.0
-0.005596413819333621,-2.1406884452526555e-12,0.0
-0.005684926189054688,-2.3210668224061758e-12,0.0
-0.005813643323661088,-2.5820202096577655e-12,0.0
-0.00589704192871951,-2.7502290817626684e-12,0.0
-0.006019094915647769,-2.9990647734991497e-12,0.0
-0.006098809554201864,-3.1596088103447137e-12,0.0
-0.006216603575339125,-3.3927538861659696e-12,0.0
-0.006294385144949245,-3.5484402432018742e-12,0.0
-0.0064107190476771795,-3.792542472760752e-12,0.0
-0.006488517305572444,-3.959302564129653e-12,0.0
-0.00656688587454538,-4.123987161554662e-12,0.0
-0.006686207121441416,-4.3599834432772626e-12,0.0
-0.006767388823779293,-4.506766155772845e-12,0.0
-0.006892359513236197,-4.7074811710634555e-12,0.0
-0.006978213921356649,-4.8309598682976376e-12,0.0
-0.007111447593559058,-5.026174665869909e-12,0.0
-0.007203570392911348,-5.156709302529611e-12,0.0
-0.00734719249322153,-5.341571871408027e-12,0.0
-0.007446798633059922,-5.45774679590209e-12,0.0
-0.00760229928531425,-5.6257258989971014e-12,0.0
-0.00771014600046241,-5.734672779720779e-12,0.0
-0.00787828307249716,-5.893186933668965e-12,0.0
-0.007994613157824891,-5.9952635054029875e-12,0.0
-0.00817534872399539,-6.143019297386372e-12,0.0
-0.008299869505757524,-6.238070563084943e-12,0.0
-0.008492373107124791,-6.375679045700694e-12,0.0
-0.00862428006246185,-6.464181748305773e-12,0.0
-0.008826992811342856,-6.592051713840974e-12,0.0
-0.008965029694616785,-6.6739513825345316e-12,0.0
-0.00910508204149253,-6.753070471214575e-12,0.0
-0.009318325391639593,-6.8662974766495295e-12,0.0
-0.009462163604552895,-6.93796150978698e-12,0.0
-0.009679656186584187,-7.0393608094902125e-12,0.0
-0.0098253405394522,-7.102661952315368e-12,0.0
-0.010044090009795175,-7.190742790644868e-12,0.0
-0.010189600170981455,-7.244631632995366e-12,0.0
-0.010406589000677546,-7.317793823732472e-12,0.0
-0.010549951438891559,-7.361220388304357e-12,0.0
-0.010762325835851719,-7.417965311106213e-12,0.0
-0.01090173656756842,-7.45000631338059e-12,0.0
-0.011106982709122705,-7.48910927359268e-12,0.0
-0.011240917703972578,-7.509077594633048e-12,0.0
-0.011437013653371143,-7.52972257322291e-12,0.0
-0.0115643192966825,-7.537224074913836e-12,0.0
-0.011749851883134172,-7.539058282944347e-12,0.0
-0.011869809075225906,-7.53402210751015e-12,0.0
-0.01198672998155632,-7.524016385379149e-12,0.0
-0.012156405233081778,-7.49980381029744e-12,0.0
-0.012265758535240066,-7.477624044062688e-12,0.0
-0.012424303777372811,-7.435501574720726e-12,0.0
-0.012526488575873795,-7.401650890267209e-12,0.0
-0.012674826672605137,-7.342461229702054e-12,0.0
-0.012770661287130038,-7.297536129468433e-12,0.0
-0.01291029633087511,-7.2221997185762134e-12,0.0
-0.013000948995782637,-7.166797849218119e-12,0.0
-0.013133846253996993,-7.0761147558709145e-12,0.0
-0.013220746565172201,-7.010714192215859e-12,0.0
-0.013349187318079605,-6.90533480559096e-12,0.0
-0.013433921662415318,-6.83028706613648e-12,0.0
-0.013560338976684889,-6.710592038826899e-12,0.0
-0.013644538624833438,-6.6260661362862724e-12,0.0
-0.013728969784456166,-6.537758670856659e-12,0.0
-0.01385657765022574,-6.3981888653001085e-12,0.0
-0.013942621738102295,-6.300381878858197e-12,0.0
-0.014073667560956451,-6.146486353210192e-12,0.0
-0.014162623521024063,-6.0390737811201714e-12,0.0
-0.0142988502303428,-5.870698203157542e-12,0.0
-0.014391726324856191,-5.753602268021254e-12,0.0
-0.01453439181154401,-5.570719324129613e-12,0.0
-0.014631845891222241,-5.4440088802342665e-12,0.0
-0.014781652059753134,-5.2468835357542765e-12,0.0
-0.01488395724857029,-5.1108680114606674e-12,0.0
-0.015041018578275075,-4.900246380236939e-12,0.0
-0.015148055787834808,-4.755694070931182e-12,0.0
-0.015311908226487835,-4.533051141727368e-12,0.0
-0.015423185264407297,-4.380962096852481e-12,0.0
-0.015592833717628053,-4.147842026831121e-12,0.0
-0.015707528608770015,-3.989484377209955e-12,0.0
-0.015881527706694886,-3.748274735577399e-12,0.0
-0.015998552111931384,-3.5854871370069845e-12,0.0
-0.016116158704576222,-3.421509916112049e-12,0.0
-0.016293192170894404,-3.17410108827152e-12,0.0
-0.016411309543070164,-3.008750473639369e-12,0.0
-0.016588070962266093,-2.7610895355784033e-12,0.0
-0.01670531122206391,-2.5968131972529832e-12,0.0
-0.016879725493324147,-2.3526605698726254e-12,0.0
-0.016994730805400114,-2.191994375591439e-12,0.0
-0.017164834280069555,-1.9551540121584472e-12,0.0
-0.017276363440602953,-1.8006113082449035e-12,0.0
-0.017440426545172607,-1.5747849915520455e-12,0.0
-0.01754743069261295,-1.4287648644251436e-12,0.0
-0.01770406056805303,-1.217410721927852e-12,0.0
-0.017805743368525938,-1.082110151529774e-12,0.0
-0.017953960340595553,-8.883505161598253e-13,0.0
-0.018049818366936216,-7.65761266579756e-13,0.0
-0.018189099674812054,-5.922703271231798e-13,0.0
-0.018278943224880734,-4.839192302259042e-13,0.0
-0.01836639893150006,-3.8171614882642177e-13,0.0
-0.01849319671791629,-2.403820575903983e-13,0.0
-0.01857489572887819,-1.543819957854713e-13,0.0
-0.018693404460707407,-3.8085360465114076e-14,0.0
-0.0187698678642016,3.078189557022796e-14,0.0
-0.018881050707942163,1.2079017955494502e-13,0.0
-0.018953028699523637,1.7179806332321826e-13,0.0
-0.01905814906381493,2.3462202348150013e-13,0.0
-0.01912656079821917,2.67289093984294e-13,0.0
-0.019227085290778705,3.023632050013279e-13,0.0
-0.019292950723500263,3.164298472882403e-13,0.0
-0.019390443606698556,3.235505314061144e-13,0.0
-0.019454811424723144,3.1900032208042295e-13,0.0
-0.01955082599418723,2.983140456441933e-13,0.0
-0.019614702536041802,2.7536170589423815e-13,0.0
-0.01971067849494036,2.273779490478924e-13,0.0
-0.01977496294091664,1.8649313386843815e-13,0.0
-0.01987213623768559,1.1211982571179377e-13,0.0
-0.019937566067985094,5.4049921918366524e-14,0.0
-0.02003689672375192,-4.536906735767189e-14,0.0
-0.020104006662053513,-1.1957918975191225e-13,0.0
-0.02017188772982516,-1.9988584830520522e-13,0.0
-0.020275225222775004,-3.312572351224597e-13,0.0
-0.020345149127946254,-4.2573375102078787e-13,0.0
-0.0204515734201928,-5.770431288363481e-13,0.0
-0.02052351612888355,-6.838318338094422e-13,0.0
-0.02063282092261707,-8.521153484074155e-13,0.0
-0.02070653642954553,-9.692514804173603e-13,0.0
-0.020818201323934724,-1.1515088963276097e-12,0.0
-0.020893249785106902,-1.2768354523826667e-12,0.0
-0.02100649155056949,-1.4695945342539579e-12,0.0
-0.021082278867504082,-1.6007104105204588e-12,0.0
-0.021196117696692413,-1.8003140877371944e-12,0.0
-0.021271943448137712,-1.934761729206083e-12,0.0
-0.021385278990072185,-2.1375136927504097e-12,0.0
-0.0214603889809704,-2.2728335406215475e-12,0.0
-0.021534999648713797,-2.4078288771786528e-12,0.0
-0.02164572002509941,-2.6088995275341854e-12,0.0
-0.021718569811321677,-2.7414738068939104e-12,0.0
-0.02182612916680972,-2.937258856767108e-12,0.0
-0.021896546318090453,-3.0652514316122234e-12,0.0
-0.022000012871152597,-3.252668221867273e-12,0.0
-0.022067435286374847,-3.374141208738725e-12,0.0
-0.02216606705821188,-3.5504650553368537e-12,0.0
-0.022230073556051565,-3.663723426739492e-12,0.0
-0.022323356966670108,-3.82660452733666e-12,0.0
-0.0223836872077831,-3.930216740134994e-12,0.0
-0.02247135795477707,-4.0776998491082466e-12,0.0
-0.022527920289958467,-4.170486833520366e-12,0.0
-0.022609966077796445,-4.3009815690071235e-12,0.0
-0.0226628334767772,-4.381995190249523e-12,0.0
-0.02273947946491426,-4.49424961783024e-12,0.0
-0.022788874544971555,-4.562763196953138e-12,0.0
-0.022860553730065607,-4.655826493820708e-12,0.0
-0.0229068244764644,-4.711290903084601e-12,0.0
-0.022974135052441173,-4.784470221754398e-12,0.0
-0.023017723253829784,-4.8265038602033955e-12,0.0
-0.023060376487006786,-4.863089929054207e-12,0.0
-0.023122784141443472,-4.9076837434266676e-12,0.0
-0.02316346320329103,-4.9305274029720706e-12,0.0
-0.02322330138684846,-4.954442184515881e-12,0.0
-0.023262525931573293,-4.963482366759665e-12,0.0
-0.023320558506341724,-4.966718481773767e-12,0.0
-0.023358819620347488,-4.9620249589363794e-12,0.0
-0.023415743719466916,-4.9447894295059945e-12,0.0
-0.02345347336656343,-4.926567576950108e-12,0.0
-0.023509878026493607,-4.889286554220154e-12,0.0
-0.02354742481609711,-4.857902294247286e-12,0.0
-0.02360376016617336,-4.801241268945307e-12,0.0
-0.023641372733345045,-4.757223785356917e-12,0.0
-0.02369793120765256,-4.6821147920016446e-12,0.0
-0.02373574985982489,-4.62617706018161e-12,0.0
-0.023792659932885277,-4.533868230820548e-12,0.0
-0.023830716585653507,-4.466968873119395e-12,0.0
-0.023868854397378247,-4.395968389956657e-12,0.0
-0.023926174477517558,-4.282160576178777e-12,0.0
-0.02396442876590565,-4.201703771912223e-12,0.0
-0.024021797192454255,-4.074681969013587e-12,0.0
-0.024059983240005613,-3.986111520066917e-12,0.0
-0.024117075149085152,-3.848020235769753e-12,0.0
-0.024154949760206237,-3.752833183867774e-12,0.0
-0.024211369820431785,-3.6060122905729287e-12,0.0
-0.024248654692688332,-3.5058289858140638e-12,0.0
-0.02430397297726788,-3.3527849920468416e-12,0.0
-0.024340378722183472,-3.2493166716586017e-12,0.0
-0.024394166174173785,-3.0926606218918788e-12,0.0
-0.02442941518166677,-2.987667999648683e-12,0.0
-0.024481276102890484,-2.8300518040524324e-12,0.0
-0.024515122657188904,-2.7253016156124704e-12,0.0
-0.024548349747053333,-2.6211358999284056e-12,0.0
-0.024596968433344704,-2.4665842806026936e-12,0.0
-0.02462853238008623,-2.365069459114808e-12,0.0
-0.024674560290162205,-2.2157224085612627e-12,0.0
-0.02470434819086906,-2.1184732295173975e-12,0.0
-0.024747665219889994,-1.976668829412071e-12,0.0
-0.024775630079447615,-1.885176717980646e-12,0.0
-0.024816214734373468,-1.7530430733795473e-12,0.0
-0.02484237396392767,-1.6686455047935918e-12,0.0
-0.02488029748271717,-1.5480442787022179e-12,0.0
-0.024904726729293156,-1.471886871883797e-12,0.0
-0.024940140805033637,-1.364396399134392e-12,0.0
-0.02496296398792091,-1.2974264527959054e-12,0.0
-0.024996083592384387,-1.2042958804045163e-12,0.0
-0.02501746023970263,-1.1472339745718026e-12,0.0
-0.0250485432998208,-1.0693752681275043e-12,0.0
-0.025068654404241414,-1.022710635771326e-12,0.0
-0.02509798018904982,-9.60673764289336e-13,0.0
-0.025117013818016252,-9.246519312029884e-13,0.0
-0.0251356680956379,-8.929013321069004e-13,0.0
-0.025162999654823468,-8.532475082844044e-13,0.0
-0.025180826263388814,-8.320743661530349e-13,0.0
-0.025207036197579406,-8.080870116421087e-13,0.0
-0.025224188858975354,-7.971747727273527e-13,0.0
-0.02524948666261748,-7.882002315602015e-13,0.0
-0.02526608950757215,-7.869936863064685e-13,0.0
-0.025290636250018993,-7.920515827587107e-13,0.0
-0.02530677923835685,-7.998048099906128e-13,0.0
-0.025330683236580893,-8.176326087066802e-13,0.0
-0.02534642091200159,-8.334071568866138e-13,0.0
-0.02536973821554355,-8.624758738657224e-13,0.0
-0.025385091518326075,-8.85206053268048e-13,0.0
-0.025407830676674008,-9.238682071157464e-13,0.0
-0.0254227913513859,-9.523995308529293e-13,0.0
-0.02544492160626659,-9.98827029478811e-13,0.0
-0.025459458554652883,-1.0319024495920777e-12,0.0
-0.025473813613644442,-1.0664356364354805e-12,0.0
-0.025494987255298023,-1.1205168156986512e-12,0.0
-0.025508851170158556,-1.157790274263677e-12,0.0
-0.025529247342451877,-1.2150196903288572e-12,0.0
-0.025542565701211807,-1.2537621131633113e-12,0.0
-0.025562103970180175,-1.3122705919787468e-12,0.0
-0.025574825531017652,-1.3512636267486886e-12,0.0
-0.025593435062642816,-1.4092817616023812e-12,0.0
-0.02560551787298561,-1.4473947071919009e-12,0.0
-0.02562314543884692,-1.5033090769729518e-12,0.0
-0.025634561309867507,-1.5395282509102058e-12,0.0
-0.025651176606137704,-1.5919226975528943e-12,0.0
-0.025661913696428375,-1.6253760444544095e-12,0.0
-0.02567751178414576,-1.6730544865577718e-12,0.0
-0.02568757529119703,-1.703023706582538e-12,0.0
-0.02570217617924563,-1.745036380623663e-12,0.0
-0.02571158710343699,-1.7709816019653944e-12,0.0
-0.025725232753653914,-1.8066618204300195e-12,0.0
-0.02573402529852921,-1.82822664045396e-12,0.0
-0.02574677486833001,-1.857172234419923e-12,0.0
-0.025754992754658628,-1.874182796356381e-12,0.0
-0.025762994342577127,-1.889366570926981e-12,0.0
-0.0257746087251259,-1.9087472277444495e-12,0.0
-0.025782104700615968,-1.91944788692784e-12,0.0
-0.025792997977675793,-1.9322802264136024e-12,0.0
-0.025800037468520005,-1.938770071102823e-12,0.0
-0.02581028064347484,-1.9455819525560363e-12,0.0
-0.025816908447563885,-1.948297057448651e-12,0.0
-0.025826563839882587,-1.9498692998418757e-12,0.0
-0.025832817761011716,-1.949406312212003e-12,0.0
-0.02584193586683244,-1.94674002585297e-12,0.0
-0.02584784522991209,-1.9438351603343757e-12,0.0
-0.025856463440707654,-1.9381332307800225e-12,0.0
-0.025862048870523457,-1.9336519972567265e-12,0.0
-0.02587019206629572,-1.9262853604764707e-12,0.0
-0.02587546646912272,-1.9211716466095245e-12,0.0
-0.025880618706340227,-1.916084323612194e-12,0.0
-0.025888119843141065,-1.908867590948468e-12,0.0
-0.02589297008359097,-1.9045799919604296e-12,0.0
-0.025900021105539874,-1.89936283278466e-12,0.0
-0.02590457311619616,-1.896943973126668e-12,0.0
-0.02591118005032643,-1.8953309911395926e-12,0.0
-0.025915438802079728,-1.895847410629136e-12,0.0
-0.02592161167092595,-1.899422252206539e-12,0.0
-0.02592558615984316,-1.9039071571284677e-12,0.0
-0.025931342826391604,-1.9141749537883957e-12,0.0
-0.025935048300280417,-1.9235955413765313e-12,0.0
-0.025940417184076667,-1.9419390818344974e-12,0.0
-0.025943876479419297,-1.957166159703704e-12,0.0
-0.025948897774238422,-1.9848039731530463e-12,0.0
-0.025952141572121775,-2.0065855644409326e-12,0.0
-0.025956866769381855,-2.0445290727823936e-12,0.0
-0.025959932704097476,-2.0734584680905622e-12,0.0
-0.025964422422073096,-2.1224706917548894e-12,0.0
-0.025967353109138374,-2.1589674767061333e-12,0.0
-0.025971673425858082,-2.219531904296175e-12,0.0
-0.02597451360395542,-2.263813602983423e-12,0.0
-0.025977329932464308,-2.3112227774637703e-12,0.0
-0.025981524358596613,-2.3881704690458734e-12,0.0
-0.025984309773113567,-2.443313370629444e-12,0.0
-0.02598848585110717,-2.531666314445379e-12,0.0
-0.025991275814388717,-2.594224442994705e-12,0.0
-0.025995480015329957,-2.6933336950050056e-12,0.0
-0.02599830035824223,-2.7627628416030285e-12,0.0
-0.02600256272068258,-2.871619804594073e-12,0.0
-0.026005427203596547,-2.947123201901186e-12,0.0
-0.026009758428275596,-3.064367647914256e-12,0.0
-0.02601266739725151,-3.144924016102803e-12,0.0
-0.026017057825595165,-3.2688494767840705e-12,0.0
-0.02601999822854133,-3.353204438024465e-12,0.0
-0.026024418952672115,-3.481759951405445e-12,0.0
-0.026027365811624806,-3.568455469957617e-12,0.0
-0.026031771963789814,-3.699334971881416e-12,0.0
-0.026034691259906335,-3.786741892919321e-12,0.0
-0.026039027308528476,-3.917362596374205e-12,0.0
-0.02604188009548712,-4.003674543706144e-12,0.0
-0.026044695200372003,-4.0890122332226146e-12,0.0
-0.026048834090315484,-4.214504726473956e-12,0.0
-0.02605152944655652,-4.296018232634563e-12,0.0
-0.02605546463881423,-4.41424427729601e-12,0.0
-0.026058010576439607,-4.4898782885469005e-12,0.0
-0.026061706399006575,-4.5977140129542495e-12,0.0
-0.02606408617383607,-4.665372115088551e-12,0.0
-0.02606752984616162,-4.759673850626436e-12,0.0
-0.026069744062209858,-4.817269581642015e-12,0.0
-0.02607295143745011,-4.894938953897693e-12,0.0
-0.026075021175521886,-4.940434646790886e-12,0.0
-0.02607804022314648,-4.99847462228002e-12,0.0
-0.026080008476227844,-5.029928228619163e-12,0.0
-0.026082919998479604,-5.0655281617443486e-12,0.0
-0.026084851147968574,-5.08114192482844e-12,0.0
-0.026087766453366093,-5.09174175655808e-12,0.0
-0.026089743689455692,-5.08991380353848e-12,0.0
-0.026091766039945286,-5.080710283998243e-12,0.0
-0.026094919973395126,-5.052637678568642e-12,0.0
-0.026097127462973758,-5.024151315561235e-12,0.0
-0.02610063880366181,-4.966380865691962e-12,0.0
-0.026103138000162222,-4.917655170476594e-12,0.0
-0.02610716595102638,-4.8290004132215846e-12,0.0
-0.026110060639541202,-4.759419385826187e-12,0.0
-0.026114754014591735,-4.639236946454251e-12,0.0
-0.026118136891345005,-4.548565121314584e-12,0.0
-0.026123621736305627,-4.396802163871916e-12,0.0
-0.026127566376673156,-4.285213849547494e-12,0.0
-0.026133934539907016,-4.102455488846156e-12,0.0
-0.0261384883563334,-3.970563442340635e-12,0.0
-0.026145788062317835,-3.758067374501743e-12,0.0
-0.026150966925322556,-3.6069336632879408e-12,0.0
-0.026156392527248763,-3.44850469477498e-12,0.0
-0.026164981381664495,-3.1977860077950572e-12,0.0
-0.026170995759455803,-3.022376493632669e-12,0.0
-0.026180422916977638,-2.7477413651403736e-12,0.0
-0.02618695846379785,-2.557524283052487e-12,0.0
-0.02619709831646931,-2.2625276433155938e-12,0.0
-0.026204056308148333,-2.0600574464166247e-12,0.0
-0.026214740793003427,-1.748829382139869e-12,0.0
-0.026221997622879883,-1.5370621953944793e-12,0.0
-0.026233027446740057,-1.2143108859030612e-12,0.0
-0.026240443253814246,-9.965464147860245e-13,0.0
-0.026251602329649088,-6.67432544498923e-13,0.0
-0.02625903146303911,-4.472406480412067e-13,0.0
-0.02627010356572169,-1.1729045525200726e-13,0.0
-0.02627740613701337,1.0155473426660775e-13,0.0
-0.02628819255592915,4.2657971078951365e-13,0.0
-0.026295246210076197,6.401837816836155e-13,0.0
-0.026305583034508615,9.544001736781043e-13,0.0
-0.02631229400741585,1.1588365118764118e-12,0.0
-0.026322067644921114,1.4563815195921518e-12,0.0
-0.026328380189874233,1.6477810345472773e-12,0.0
-0.026334527665180782,1.8329102260916028e-12,0.0
-0.026343443148680975,2.0975776573782268e-12,0.0
-0.026349190698226266,2.2645174554255502e-12,0.0
-0.02635754103375471,2.4993175556208834e-12,0.0
-0.02636294651348736,2.644695363989371e-12,0.0
-0.026370855113179183,2.844814776814471e-12,0.0
-0.026376024480437264,2.965603229073669e-12,0.0
-0.02638368378694788,3.1268012716228032e-12,0.0
-0.026388766059070572,3.22038788106176e-12,0.0
-0.02639642722068878,3.339087247503401e-12,0.0
-0.026401605874161935,3.403326132755829e-12,0.0
-0.02640956352261547,3.4766965626472656e-12,0.0
-0.026415044894710117,3.509969876276219e-12,0.0
-0.026423617806053932,3.5359940479938726e-12,0.0
-0.026429617143701886,3.5372383344031002e-12,0.0
-0.02643588304036347,3.525500261462114e-12,0.0
-0.02644585236360377,3.4834742124956075e-12,0.0
-0.02645292343061971,3.4391880925481913e-12,0.0
-0.026464237304635013,3.3484887620801813e-12,0.0
-0.026472287750871182,3.271988529422422e-12,0.0
-0.026485178507159264,3.1335578222746045e-12,0.0
-0.026494340921591766,3.025763548582715e-12,0.0
-0.02650896944852072,2.84140574826734e-12,0.0
-0.026519323485250518,2.7037981362343365e-12,0.0
-0.026535764691991665,2.4761400387985245e-12,0.0
-0.026547329198450126,2.3107340127317888e-12,0.0
-0.026565563220781623,2.043179052365921e-12,0.0
-0.026578292518045755,1.8524923697898447e-12,0.0
-0.02659820252283659,1.5491914801648942e-12,0.0
-0.026611987261568507,1.3362133076804498e-12,0.0
-0.026633364252850775,1.001902033251772e-12,0.0
-0.026648036940229776,7.69948233671929e-13,0.0
-0.026670591403363787,4.098743787692796e-13,0.0
-0.026685936291503787,1.6262452341601295e-13,0.0
-0.026701481370195308,-8.964996802839882e-14,0.0
-0.026725082730696362,-4.760650668171138e-13,0.0
-0.026740943481869475,-7.380454956101317e-13,0.0
-0.026764815739562863,-1.1358816970986064e-12,0.0
-0.026780721628173125,-1.4033543047075696e-12,0.0
-0.026804461512093654,-1.80620489720847e-12,0.0
-0.02682014977554271,-2.0748488980581624e-12,0.0
-0.026843379717424325,-2.476183163147677e-12,0.0
-0.026858613910700366,-2.7416355017623833e-12,0.0
-0.026881009010913687,-3.1349186433611592e-12,0.0
-0.026895596101515686,-3.3928340737537677e-12,0.0
-0.026916907930647094,-3.771590007808262e-12,0.0
-0.026930712657049844,-4.017696288509967e-12,0.0
-0.026950788084336253,-4.375609495873033e-12,0.0
-0.026963743469866262,-4.6057692171038e-12,0.0
-0.026976356903737696,-4.828427830998312e-12,0.0
-0.026994650286724334,-5.146993223007788e-12,0.0
-0.027006445460692852,-5.348211860425877e-12,0.0
-0.02702358200832178,-5.631846676925605e-12,0.0
-0.02703466955757883,-5.807992543775554e-12,0.0
-0.02705086681277605,-6.051457687651184e-12,0.0
-0.027061423960443566,-6.1991834511277394e-12,0.0
-0.027076991324529096,-6.397689842749492e-12,0.0
-0.027087250112903846,-6.513980596488579e-12,0.0
-0.027102567924333985,-6.6632933905303765e-12,0.0
-0.02711279930868108,-6.7455207201222445e-12,0.0
-0.027128292483133466,-6.842009217482648e-12,0.0
-0.027138787377489055,-6.887976648401755e-12,0.0
-0.027154895438556825,-6.928705593899082e-12,0.0
-0.02716594404228121,-6.936705081441557e-12,0.0
-0.027183089663797518,-6.919505531208044e-12,0.0
-0.0271949605450357,-6.8883690888577474e-12,0.0
-0.027213518865656382,-6.8119284737461085e-12,0.0
-0.027226439313097348,-6.741081942668607e-12,0.0
-0.027246710255405874,-6.60501192966335e-12,0.0
-0.027260849337098145,-6.494527443317535e-12,0.0
-0.02727550759114439,-6.368359439023006e-12,0.0
-0.027298490557317447,-6.150074428952108e-12,0.0
-0.027314482548569576,-5.9855208614882e-12,0.0
-0.02733946993487833,-5.710851265928659e-12,0.0
-0.027356781601712045,-5.509678260146377e-12,0.0
-0.027383691046388072,-5.181847234019091e-12,0.0
-0.027402227285278555,-4.946580550722434e-12,0.0
-0.027430858113398196,-4.569872468992906e-12,0.0
-0.02745044843774962,-4.303678578513373e-12,0.0
-0.02748049429667024,-3.883355007167019e-12,0.0
-0.027500903875757036,-3.5901025111469818e-12,0.0
-0.02753197291376409,-3.132472999581828e-12,0.0
-0.02755291823189746,-2.816671423035769e-12,0.0
-0.027584559467950534,-2.328912244530378e-12,0.0
-0.027605727532088373,-1.9956007134677574e-12,0.0
-0.02763746155498392,-1.485623747807742e-12,0.0
-0.02765853127625114,-1.1402898146389966e-12,0.0
-0.02767947414853358,-7.91759139154757e-13,0.0
-0.02771054730414808,-2.650321699729968e-13,0.0
-0.027730970513639572,8.734071224640691e-14,0.0
-0.02776106551453693,6.153168585017431e-13,0.0
-0.02778071635716946,9.655008256887528e-13,0.0
-0.02780949656159417,1.4856652463391663e-12,0.0
-0.027828182465482226,1.827641589664141e-12,0.0
-0.02785541202055076,2.331057109694348e-12,0.0
-0.027873013545239838,2.6589609912150664e-12,0.0
-0.027898573111569937,3.1370162462144287e-12,0.0
-0.027915051738633886,3.4452633460464132e-12,0.0
-0.027938945909328692,3.88988602379468e-12,0.0
-0.02795434605804517,4.1733202524393394e-12,0.0
-0.02797670193197831,4.577145889604692e-12,0.0
-0.02799114706040424,4.831139278383484e-12,0.0
-0.028012204086919425,5.187690422943728e-12,0.0
-0.02802588716626099,5.408248323580542e-12,0.0
-0.02803933237287382,5.614470635315187e-12,0.0
-0.02805914804128121,5.8958978647222146e-12,0.0
-0.028072189790548905,6.064308809351665e-12,0.0
-0.028091617322866688,6.287233725477393e-12,0.0
-0.028104549264238263,6.4156437728966215e-12,0.0
-0.028124038387520853,6.577408671187956e-12,0.0
-0.028137161366510618,6.664466484834881e-12,0.0
-0.028157156122518606,6.7636689542172045e-12,0.0
-0.028170756330044323,6.8088560652358775e-12,0.0
-0.02819166296884183,6.845337949594069e-12,0.0
-0.02820599132239423,6.848961162582568e-12,0.0
-0.02822814914526195,6.823792969153698e-12,0.0
-0.028243403358787045,6.786961657164502e-12,0.0
-0.028259068592240314,6.7344287226630585e-12,0.0
-0.02828337122468009,6.626953289089326e-12,0.0
-0.02830012408264474,6.53676470307565e-12,0.0
-0.028326089097284072,6.374797107645519e-12,0.0
-0.028343952198182937,6.249754490781637e-12,0.0
-0.028371553673529296,6.0379715664811606e-12,0.0
-0.02839047024612046,5.8814894122642106e-12,0.0
-0.028419565637087495,5.625343273233259e-12,0.0
-0.028439404110986697,5.44123388238219e-12,0.0
-0.02846974522149702,5.146741473210758e-12,0.0
-0.028490309109438526,4.939217593701367e-12,0.0
-0.028521560453102304,4.612941531375751e-12,0.0
-0.028542602737724455,4.38650461711787e-12,0.0
-0.028574365903541347,4.0353359338081905e-12,0.0
-0.02859560684768495,3.794647117872271e-12,0.0
-0.028627449021732032,3.425642420414058e-12,0.0
-0.02864859605108953,3.175429174590738e-12,0.0
-0.028669624628246883,2.922723705841724e-12,0.0
-0.02870084872342052,2.5406224532084453e-12,0.0
-0.028721391053315753,2.2849316203182985e-12,0.0
-0.028751696835895377,1.9017644846015837e-12,0.0
-0.02877151103821046,1.647593310027075e-12,0.0
-0.028800570981151994,1.2699591860145703e-12,0.0
-0.028819465526436515,1.0215871447118102e-12,0.0
-0.028847037361918616,6.557083180274907e-13,0.0
-0.028864883009466227,4.1713869339597516e-13,0.0
-0.028890824151392325,6.87800366870221e-14,0.0
-0.02890756109521937,-1.5631177795994784e-13,0.0
-0.028931835476837732,-4.819035844843853e-13,0.0
-0.028947475271899597,-6.902054512909566e-13,0.0
-0.028970152298063535,-9.883472738248223e-13,0.0
-0.028984774502531105,-1.1769310431723897e-12,0.0
-0.029006020037756906,-1.443538194021077e-12,0.0
-0.029019763815226557,-1.6098922942331791e-12,0.0
-0.029039824520163,-1.8415084254140077e-12,0.0
-0.029052876254568073,-1.9835348894704708e-12,0.0
-0.02906571100769511,-2.1153408906024684e-12,0.0
-0.02908463596802656,-2.293370914040733e-12,0.0
-0.02909708873743557,-2.398648222130177e-12,0.0
-0.029115615463058433,-2.536032661909446e-12,0.0
-0.029127918677853387,-2.613745522891933e-12,0.0
-0.02914639044603189,-2.7092670579338557e-12,0.0
-0.02915876529217662,-2.758836280397292e-12,0.0
-0.029177495720111746,-2.8119783250999573e-12,0.0
-0.029190135551792153,-2.833294838852413e-12,0.0
-0.029209385468568227,-2.844240821994666e-12,0.0
-0.029222441823959906,-2.8376569582709645e-12,0.0
-0.02924240084815166,-2.8072922767528336e-12,0.0
-0.029255973072295306,-2.7736380247011297e-12,0.0
-0.029276747187501118,-2.7035551407905918e-12,0.0
-0.02929087636996746,-2.644124073360248e-12,0.0
-0.0293124823061236,-2.536635031117245e-12,0.0
-0.029327149894578793,-2.4532031915277443e-12,0.0
-0.029349516590904727,-2.3112406969252672e-12,0.0
-0.029364647680301482,-2.2059349405942445e-12,0.0
-0.02937993192419946,-2.092572258635007e-12,0.0
-0.029403095397863167,-1.9083753031014294e-12,0.0
-0.02941865867457388,-1.7768125456710113e-12,0.0
-0.029442115607198466,-1.567532077754288e-12,0.0
-0.0294577851748931,-1.4207937324161366e-12,0.0
-0.02948126030063012,-1.1911744521225487e-12,0.0
-0.02949684541991152,-1.0325440440882075e-12,0.0
-0.029520047984111158,-7.876658795952061e-13,0.0
-0.029535355341923898,-6.206195038450938e-13,0.0
-0.029558002246454274,-3.657954164053945e-13,0.0
-0.029572851104262998,-1.93922876900526e-13,0.0
-0.02959468872667257,6.542229576363626e-14,0.0
-0.029608924598809275,2.385018675350487e-13,0.0
-0.029629747586364354,4.969648885857777e-13,0.0
-0.02964325339758666,6.676825865224152e-13,0.0
-0.02966291901477763,9.199974131049005e-13,0.0
-0.029675622914318345,1.0849186007493961e-12,0.0
-0.029687996903638995,1.246604125713505e-12,0.0
-0.029705939216578717,1.4819795947633664e-12,0.0
-0.029717493388263405,1.6334365245204561e-12,0.0
-0.029734231701531177,1.8513067362419304e-12,0.0
-0.029745011015952578,1.9897304905507024e-12,0.0
-0.029760645714028897,2.18616086495996e-12,0.0
-0.02977073733998187,2.309126402856683e-12,0.0
-0.029785425984977416,2.4807844535600662e-12,0.0
-0.02979495044634822,2.58628445225545e-12,0.0
-0.029808892509873612,2.7305062955894384e-12,0.0
-0.029817992397764365,2.8169999237421186e-12,0.0
-0.02983141106943572,2.931841086195409e-12,0.0
-0.02984023832211223,2.998283947410953e-12,0.0
-0.029853360947532135,3.0825561612251543e-12,0.0
-0.029862063751384994,3.128405037853261e-12,0.0
-0.0298751026788758,3.1816695161816515e-12,0.0
-0.02988381329124062,3.2068947223315684e-12,0.0
-0.02989694870378733,3.2294934873875565e-12,0.0
-0.029905772938559786,3.2345644964983806e-12,0.0
-0.029914664761216566,3.2318118036633446e-12,0.0
-0.029928148323281334,3.2134152384952872e-12,0.0
-0.02993724314825822,3.1919522176913787e-12,0.0
-0.029951050677850432,3.1465912316797045e-12,0.0
-0.029960365069809442,3.107990069860758e-12,0.0
-0.02997449150898085,3.0383039864788233e-12,0.0
-0.02998400266932794,2.9844640619281366e-12,0.0
-0.029998386234129905,2.8935121633619746e-12,0.0
-0.030008035861018346,2.826635282670958e-12,0.0
-0.030022566203630027,2.7179459605030622e-12,0.0
-0.03003226738943143,2.640502549485074e-12,0.0
-0.030046797864726457,2.5179146651908706e-12,0.0
-0.030056444371158966,2.432538218966338e-12,0.0
-0.030070807243366682,2.30009168033217e-12,0.0
-0.030080284280534178,2.2095153060771305e-12,0.0
-0.03008966162898603,2.1176316162578495e-12,0.0
-0.030103502975846987,1.978316171003551e-12,0.0
-0.0301125572107882,1.88508130509927e-12,0.0
-0.03012584222059514,1.7457587665947895e-12,0.0
-0.030134482951903626,1.6538411781130868e-12,0.0
-0.030147094231310054,1.5184228559488959e-12,0.0
-0.03015525703317504,1.430354178970185e-12,0.0
-0.03016712107886063,1.30250360795588e-12,0.0
-0.0301747734108839,1.220622390785477e-12,0.0
-0.030185867257913328,1.1036617806900995e-12,0.0
-0.03019301133325615,1.0300568180836147e-12,0.0
-0.030203364373759527,9.269288950393461e-13,0.0
-0.03021003665109279,8.634132485601027e-13,0.0
-0.03021972740438606,7.765862503409336e-13,0.0
-0.030225994917323907,7.246421791442451e-13,0.0
-0.030235143334189498,6.561024898195216e-13,0.0
-0.030241097163802178,6.168876971205158e-13,0.0
-0.030249853007376374,5.680958405648119e-13,0.0
-0.03025559950629136,5.423963231619139e-13,0.0
-0.03026129435167586,5.222423166625157e-13,0.0
-0.030269778600461643,5.024951952853906e-13,0.0
-0.03027542119148277,4.963394390546541e-13,0.0
-0.03028390528083324,4.97574303664899e-13,0.0
-0.030289596490898102,5.053087806084532e-13,0.0
-0.030298218891939926,5.270875546360278e-13,0.0
-0.030304040439469427,5.482367215367569e-13,0.0
-0.030312904770769793,5.895681928617674e-13,0.0
-0.030318911597999633,6.232924758703967e-13,0.0
-0.03032807706641374,6.82662025125043e-13,0.0
-0.030334292365237915,7.277757716957649e-13,0.0
-0.030343768609898236,8.03133377348475e-13,0.0
-0.03035018201150886,8.581106507832364e-13,0.0
-0.030359928924163324,9.469888556966347e-13,0.0
-0.030366498085475334,1.0100777871960931e-12,0.0
-0.030376430704667477,1.1096565812266442e-12,0.0
-0.030383086185348955,1.1788422270730466e-12,0.0
-0.030393084275214973,1.2859272321090095e-12,0.0
-0.030399737308914643,1.3589836051531215e-12,0.0
-0.03040965882517828,1.4701218709641414e-12,0.0
-0.030416211315447653,1.5446862294528025e-12,0.0
-0.030422696172933777,1.6191711510636302e-12,0.0
-0.030432264398270622,1.729884347968955e-12,0.0
-0.030438517323152173,1.8024369456864924e-12,0.0
-0.030447678034323168,1.9083975572324186e-12,0.0
-0.030453625004243933,1.976557736380875e-12,0.0
-0.030462286670917143,2.0741143228150085e-12,0.0
-0.030467881799869888,2.135480290151011e-12,0.0
-0.030476001439083075,2.221113210106322e-12,0.0
-0.03048123479063486,2.2734156726980858e-12,0.0
-0.030488827459143632,2.3438532268845903e-12,0.0
-0.030493729721297935,2.385007138959542e-12,0.0
-0.030500872814692086,2.437288617243053e-12,0.0
-0.030505516256174932,2.4654459164635836e-12,0.0
-0.030512347972824365,2.497013446414961e-12,0.0
-0.030516843417503693,2.5106166139811086e-12,0.0
-0.03052355525512438,2.5193641482507067e-12,0.0
-0.03052804516876286,2.5171783741995758e-12,0.0
-0.030532577944766333,2.5084128562384954e-12,0.0
-0.03053951699854159,2.4826848931620114e-12,0.0
-0.03054427660098033,2.4570214251054704e-12,0.0
-0.030551685233720375,2.4056279316848162e-12,0.0
-0.03055684301583792,2.3627392980806902e-12,0.0
-0.03056497170931855,2.2855075035846104e-12,0.0
-0.03057068679268306,2.2254896653445326e-12,0.0
-0.030579756551066005,2.1228704147986655e-12,0.0
-0.030586161200656478,2.046230332106181e-12,0.0
-0.030596342567571815,1.9193030665721765e-12,0.0
-0.03060352914641241,1.8269704053143435e-12,0.0
-0.03061492456611581,1.6774374859097803e-12,0.0
-0.03062293534412873,1.5707533201376717e-12,0.0
-0.030635566666020388,1.4009208808512008e-12,0.0
-0.03064438757471986,1.2816125978738907e-12,0.0
-0.030658190132493535,1.0943880176922155e-12,0.0
-0.03066774926255878,9.645978624481404e-13,0.0
-0.030677571171247746,8.312657435460781e-13,0.0
-0.030692744746750045,6.254936036433042e-13,0.0
-0.03070311501826338,4.850783223267959e-13,0.0
-0.030718977499348824,2.7072161626074803e-13,0.0
-0.030729710092144407,1.2600328677995053e-13,0.0
-0.030745960401019026,-9.260538300870683e-14,0.0
-0.030756843885281205,-2.3865286231928515e-13,0.0
-0.03077315621013016,-4.569443714449387e-13,0.0
-0.030783972188278167,-6.012186140378189e-13,0.0
-0.030800025318471543,-8.14478552198468e-13,0.0
-0.030810568758256916,-9.538104325269288e-13,0.0
-0.030826077089952747,-1.1572776852040188e-12,0.0
-0.030836176930761662,-1.2885066643028272e-12,0.0
-0.03085092057433255,-1.477486064211699e-12,0.0
-0.030860458850002357,-1.597521696038173e-12,0.0
-0.030874310207723802,-1.7674717026153152e-12,0.0
-0.030883237982815406,-1.873362808066958e-12,0.0
-0.030896182292886893,-2.019978638219559e-12,0.0
-0.030904530732862315,-2.1089600262162555e-12,0.0
-0.0309166783414199,-2.2282850430877274e-12,0.0
-0.030924563849636797,-2.297848262239517e-12,0.0
-0.030932315713670548,-2.3590038903910784e-12,0.0
-0.030943775474318647,-2.434243127440797e-12,0.0
-0.030951365992409198,-2.4729530534689936e-12,0.0
-0.030962798411397256,-2.513146332526795e-12,0.0
-0.030970528121709813,-2.527661014647549e-12,0.0
-0.030982426010678864,-2.5304634738847857e-12,0.0
-0.030990646521747822,-2.519411882788417e-12,0.0
-0.0310035624094291,-2.483071213795812e-12,0.0
-0.031012652777671162,-2.4454951542028676e-12,0.0
-0.031027160272305794,-2.368907565503428e-12,0.0
-0.03103749953553622,-2.304298310856667e-12,0.0
-0.031054150373096046,-2.1870456255749523e-12,0.0
-0.031066088255473932,-2.095367175346201e-12,0.0
-0.03108536827866248,-1.9377769153220685e-12,0.0
-0.031099196340714844,-1.819503790502543e-12,0.0
-0.031121483923465566,-1.6226763700328283e-12,0.0
-0.031137409527535877,-1.4788133306679505e-12,0.0
-0.031154209209671258,-1.3251173360373674e-12,0.0
-0.031181065319162756,-1.076771644382436e-12,0.0
-0.031200072819078484,-8.998209322966333e-13,0.0
-0.031230212681405568,-6.182527086149547e-13,0.0
-0.0312513615893457,-4.2039004222995153e-13,0.0
-0.031284592202823654,-1.0957255427551708e-13,0.0
-0.0313076923625394,1.062311092227874e-13,0.0
-0.03134363956645672,4.4150090719971063e-13,0.0
-0.03136838532870677,6.719050751640475e-13,0.0
-0.03140651349542239,1.0263187892828058e-12,0.0
-0.031432501568037355,1.2675152300986612e-12,0.0
-0.03147214710978854,1.6349879124191704e-12,0.0
-0.031498903127550326,1.8827278649280574e-12,0.0
-0.03153932010600381,2.256670521493089e-12,0.0
-0.03156633242702967,2.506440797726773e-12,0.0
-0.03160674743140884,2.8799300000432156e-12,0.0
-0.03163350592568328,3.12703658879937e-12,0.0
-0.031660028208075106,3.37174702680162e-12,0.0
-0.03169921558212142,3.732662319574768e-12,0.0
-0.03172485050441929,3.968077845856569e-12,0.0
-0.031762430717263625,4.311569386249374e-12,0.0
-0.031786837251056965,4.533091301357053e-12,0.0
-0.03182239245003482,4.8524232937779534e-12,0.0
-0.03184536158992083,5.055699786643051e-12,0.0
-0.03187869303464113,5.34459852898928e-12,0.0
-0.03190017371858192,5.525638737209345e-12,0.0
-0.03193133318536045,5.77844381621601e-12,0.0
-0.03195144774999564,5.933709920858521e-12,0.0
-0.03198075178755348,6.145501050378495e-12,0.0
-0.03199979920386126,6.2719875397906404e-12,0.0
-0.032027824191711546,6.438686022790992e-12,0.0
-0.032046270080190405,6.533969153794493e-12,0.0
-0.0320738272829469,6.652391509340358e-12,0.0
-0.032092280954256626,6.714656169810936e-12,0.0
-0.03211093412302349,6.763350534528164e-12,0.0
-0.03213955246794409,6.8106444501990346e-12,0.0
-0.03215923924502095,6.824868268747105e-12,0.0
-0.032189999503851416,6.820139750903017e-12,0.0
-0.03221151250651519,6.799624007644742e-12,0.0
-0.03224560519243048,6.7429592826814405e-12,0.0
-0.032269726078421115,6.688083536320397e-12,0.0
-0.03230828301770823,6.580527049050728e-12,0.0
-0.03233572613113756,6.492303394941859e-12,0.0
-0.03237973668506648,6.335845831562593e-12,0.0
-0.032411094678147546,6.215911973278355e-12,0.0
-0.03246132804503265,6.013469587896593e-12,0.0
-0.03249702360347462,5.8640734044669236e-12,0.0
-0.0325539632436039,5.619456016766223e-12,0.0
-0.03259421077618479,5.443422696164669e-12,0.0
-0.032636287360655075,5.257650750534748e-12,0.0
-0.03270278696350672,4.961991523451392e-12,0.0
-0.032749321041762876,4.7544450465569675e-12,0.0
-0.03282228036376413,4.429143757039505e-12,0.0
-0.03287291449953169,4.203994071734884e-12,0.0
-0.03295162320891216,3.855568293965544e-12,0.0
-0.03300577326297612,3.617165786085402e-12,0.0
-0.033089202091256764,3.2522204086893666e-12,0.0
-0.03314608916542945,3.0051490817427206e-12,0.0
-0.03323294964530762,2.630833864233837e-12,0.0
-0.033291647345040566,2.3799511379905537e-12,0.0
-0.033380472875946296,2.0035561382979245e-12,0.0
-0.0334399673800461,1.7537014754671369e-12,0.0
-0.033529210832190105,1.3824134805909947e-12,0.0
-0.03358846996868167,1.1382946749675189e-12,0.0
-0.03367661147255593,7.790088941408564e-13,0.0
-0.03373465822482567,5.450745599505806e-13,0.0
-0.033820315864279325,2.041735974538702e-13,0.0
-0.03387630123303392,-1.553509414836167e-14,0.0
-0.03393126597411162,-2.2852876852273867e-13,0.0
-0.03401160678222759,-5.34277415071669e-13,0.0
-0.03406366211647246,-7.282381474957446e-13,0.0
-0.03413937043451582,-1.003276272936669e-12,0.0
-0.03418822605905979,-1.1754671414585898e-12,0.0
-0.034259089239559455,-1.4161508301468378e-12,0.0
-0.03430475749116664,-1.5644439772929352e-12,0.0
-0.034371030617520316,-1.7680173317020648e-12,0.0
-0.03441383976100407,-1.890859891659637e-12,0.0
-0.03447624883893903,-2.0554250856967425e-12,0.0
-0.03451683408411883,-2.1518229868076794e-12,0.0
-0.03455677109867724,-2.2374653958077076e-12,0.0
-0.034615819712766505,-2.3456387333966467e-12,0.0
-0.03465487581024032,-2.4041837323230656e-12,0.0
-0.03471348043113574,-2.4716419068085758e-12,0.0
-0.03475286369871298,-2.5030745424729734e-12,0.0
-0.03481294345642748,-2.5300142133298246e-12,0.0
-0.03485398540367902,-2.5345942563820648e-12,0.0
-0.03491758064030109,-2.5215959558630967e-12,0.0
-0.03496164888447167,-2.4998274050684684e-12,0.0
-0.035030784681790196,-2.4478000289186996e-12,0.0
-0.03507918973835048,-2.4003934359485452e-12,0.0
-0.03515573532766681,-2.3105736391557155e-12,0.0
-0.035209637900381285,-2.238466405840928e-12,0.0
-0.03529517177011883,-2.1124394496629953e-12,0.0
-0.035355497126673005,-2.0168250770208164e-12,0.0
-0.035451187567075264,-1.8566115963944706e-12,0.0
-0.03551855329238946,-1.7390014284730822e-12,0.0
-0.03562506334217177,-1.547144518302696e-12,0.0
-0.03569972602184978,-1.4094356271697044e-12,0.0
-0.03581715033256631,-1.189100300742981e-12,0.0
-0.03589897554822859,-1.0336288149426036e-12,0.0
-0.03598353920378908,-8.718435164331689e-13,0.0
-0.03611527317919683,-6.185285363716255e-13,0.0
-0.03620615229949878,-4.4330313907311606e-13,0.0
-0.03634663992355526,-1.7218901116987142e-13,0.0
-0.03644279847643775,1.3259806002096766e-14,0.0
-0.03659025262725944,2.969495158978264e-13,0.0
-0.036690360532438,4.888014572422689e-13,0.0
-0.03684261101847021,7.789934197001709e-13,0.0
-0.03694512619039968,9.730753732161108e-13,0.0
-0.03709975684980066,1.2634057974826185e-12,0.0
-0.03720302459135492,1.4554211725413532e-12,0.0
-0.03735753179021291,1.7394213450786999e-12,0.0
-0.03745989512438748,1.92509020567715e-12,0.0
-0.03761185734910045,2.196459546770848e-12,0.0
-0.03771177104072888,2.3717015458802905e-12,0.0
-0.037859018182986544,2.6245555235884935e-12,0.0
-0.03795515762075261,2.7855704065520726e-12,0.0
-0.03804948481069423,2.9400933294133367e-12,0.0
-0.03818728508561357,3.1586329700782648e-12,0.0
-0.038276539984335015,3.294768440462026e-12,0.0
-0.03840633265986394,3.4836625471073033e-12,0.0
-0.0384900883372359,3.5989524904875663e-12,0.0
-0.03861157855062276,3.7552975795905016e-12,0.0
-0.03868987534537548,3.8481510138079e-12,0.0
-0.03880348401001805,3.969932202380883e-12,0.0
-0.03887684190642888,4.039266276159911e-12,0.0
-0.03898369950647894,4.125292635960514e-12,0.0
-0.03905309704089749,4.170711268583708e-12,0.0
-0.039154987738308986,4.258599261954205e-12,0.0
-0.03922180970176024,4.384259929349398e-12,0.0
-0.03932107132872829,4.593022107941375e-12,0.0
-0.039387028156606496,-5.051035707059554e-11,0.0
-0.03948640927592154,-3.0700741389373653e-10,0.0
-0.03955342551375597,-5.137157891882407e-10,0.0
-0.03962143106876465,-6.269830213599989e-10,0.0
-0.03972600724781912,-7.96917809303915e-10,0.0
-0.039797903948137266,-8.786750901446065e-10,0.0
-0.03990979034201063,-9.999877666286374e-10,0.0
-0.03998750255721723,-1.1282451994630066e-09,0.0
-0.04010943292901431,-1.2351075997154043e-09,0.0
-0.040194654490284955,-1.2662817624488592e-09,0.0
-0.040328931061222886,-1.3300794382905854e-09,0.0
-0.0404230123279257,-1.3500269740161805e-09,0.0
-0.040571345088156414,-1.388905540246828e-09,0.0
-0.040675195650004645,-1.4111569847009897e-09,0.0
-0.04083857376535836,-1.400418779090592e-09,0.0
-0.04095258898701314,-1.364177599877378e-09,0.0
-0.04113119186209288,-1.3133810799998403e-09,0.0
-0.041255209780051295,-1.2632174112537152e-09,0.0
-0.041448369906398747,-1.17734028031392e-09,0.0
-0.04158166542044339,-1.0856444675714708e-09,0.0
-0.04178788794781375,-9.410745326631103e-10,0.0
-0.041929205477606146,-8.497095689960781e-10,0.0
-0.04207327447873952,-7.235499932996909e-10,0.0
-0.04229387424117503,-5.40127767796144e-10,0.0
-0.042443461701317756,-3.640844733316511e-10,0.0
-0.04267075393253252,-1.2052077208366425e-10,0.0
-0.04282369178803007,1.1387049489616394e-11,0.0
-0.043054278362947666,2.7485966713085363e-10,0.0
-0.043208238258331914,4.904136911146982e-10,0.0
-0.04343859302494443,8.172330094426971e-10,0.0
-0.04359123777051022,1.0570305235447657e-09,0.0
-0.043817936988068254,1.3969354057779793e-09,0.0
-0.0439670742350167,1.5546675060058458e-09,0.0
-0.04418702352932336,1.923782362546482e-09,0.0
-0.04433075260332228,2.2234248314043194e-09,0.0
-0.04454139692819547,2.5914861436487382e-09,0.0
-0.04467823983139062,2.85615375817888e-09,0.0
-0.04481203004598527,3.023880574987404e-09,0.0
-0.045006750599950664,3.413495560451427e-09,0.0
-0.0451324917619555,3.733810433125437e-09,0.0
-0.04531495676818494,4.093941791730737e-09,0.0
-0.04543255506591019,4.325369596797246e-09,0.0
-0.04560310346748832,4.6721527317875545e-09,0.0
-0.04571310386277688,4.834506690693128e-09,0.0
-0.04587302130949177,5.143759962366207e-09,0.0
-0.04597658164966339,5.427272760430268e-09,0.0
-0.046128028792709906,5.721344808583856e-09,0.0
-0.04622685232764446,5.853289421708406e-09,0.0
-0.04637273659357781,6.0819827386597e-09,0.0
-0.04646896777577785,6.180247813968992e-09,0.0
-0.046612760165200544,6.377345895410136e-09,0.0
-0.04670884778270915,6.546170893499494e-09,0.0
-0.046854359779372336,6.64641126561514e-09,0.0
-0.04695289798903588,6.6659352960067426e-09,0.0
-0.04705314281487823,6.683710649917925e-09,0.0
-0.04720758865246276,6.712670107249614e-09,0.0
-0.04731383325239319,6.7419373506204425e-09,0.0
-0.04747902225811795,6.657222605014818e-09,0.0
-0.04759351052155807,6.54880925320046e-09,0.0
-0.04777251893781207,6.385797678342219e-09,0.0
-0.04789707519224092,6.250218062019467e-09,0.0
-0.04809224818078629,5.969763532079585e-09,0.0
-0.0482281487478214,5.774759663280464e-09,0.0
-0.04844093258186189,5.390245624387142e-09,0.0
-0.04858881234542934,5.085575040154078e-09,0.0
-0.048819644652580076,4.580157679813497e-09,0.0
-0.04897944539424512,4.202371855844647e-09,0.0
-0.04922771098693095,3.5695193074129165e-09,0.0
-0.04939867222632654,3.099946582517699e-09,0.0
-0.04966272156483905,2.3454317568380755e-09,0.0
-0.04984342595907889,1.8114183407745765e-09,0.0
-0.05012068585649504,9.323057413177658e-10,0.0
-0.0503091305619294,2.8437547847555e-10,0.0
-0.05049999997440767,-3.949261581811913e-10,0.0
-0.05078994117975438,-1.4533273448205916e-09,0.0
-0.05098503687159542,-2.1589729428124227e-09,0.0
-0.05127929895506311,-3.339277468623253e-09,0.0
-0.051475918757489234,-4.206158941377632e-09,0.0
-0.05177043709849761,-5.47687852104005e-09,0.0
-0.05196588803325826,-6.394425039597142e-09,0.0
-0.0522566792243243,-7.786648024995443e-09,0.0
-0.052448364042895546,-8.670502980123756e-09,0.0
-0.052731660710190094,-1.0111666830386458e-08,0.0
-0.05291718922413287,-1.1149199713726019e-08,0.0
-0.05318967888080524,-1.2626150637304016e-08,0.0
-0.05336704719154905,-1.3584905350343546e-08,0.0
-0.05362604412365544,-1.503969643968249e-08,0.0
-0.053793729987769226,-1.5929041312153346e-08,0.0
-0.05403749251158678,-1.737446628607075e-08,0.0
-0.05419475486409509,-1.838840072869874e-08,0.0
-0.05434784029848439,-1.9259007047043207e-08,0.0
-0.054569820312104625,-2.0571979664165493e-08,0.0
-0.054712911732789284,-2.136045526513598e-08,0.0
-0.054920694845287804,-2.260051155266117e-08,0.0
-0.055055004780065454,-2.3457260982269933e-08,0.0
-0.05525087180070627,-2.4546411931547088e-08,0.0
-0.05537819438273176,-2.5172626484324625e-08,0.0
-0.05556519938550241,-2.613123810589139e-08,0.0
-0.0556877906902765,-2.6706776640060596e-08,0.0
-0.05586961446375899,-2.750833165331194e-08,0.0
-0.055990106483224715,-2.807108170829057e-08,0.0
-0.05617092488745056,-2.8732129240151377e-08,0.0
-0.05629222372924765,-2.9052029089268644e-08,0.0
-0.056476514014674704,-2.9550456105586683e-08,0.0
-0.05660163702331391,-2.9839893638966275e-08,0.0
-0.05672911757234281,-3.0131499097383316e-08,0.0
-0.05692573602740922,-3.041948706805349e-08,0.0
-0.057061020433870055,-3.0511725387697254e-08,0.0
-0.057271192024093476,-3.065221515698654e-08,0.0
-0.0574166157119708,-3.071518025830651e-08,0.0
-0.05764340642491533,-3.072914980118798e-08,0.0
-0.05780068763021975,-3.070112504202798e-08,0.0
-0.058046125008020255,-3.057726799381504e-08,0.0
-0.05821622254703336,-3.045356529535204e-08,0.0
-0.058481134355054566,-3.023556120697778e-08,0.0
-0.058664190939207196,-3.006322836680301e-08,0.0
-0.05894818578369555,-2.9742465803382618e-08,0.0
-0.05914354732401062,-2.9503971967942792e-08,0.0
-0.05944508075490983,-2.911152760486019e-08,0.0
-0.059651362143748006,-2.885311472441327e-08,0.0
-0.059967863126245816,-2.8406131886000918e-08,0.0
-0.06018304631446479,-2.8064978862852925e-08,0.0
-0.060401104911213074,-2.773273902390518e-08,0.0
-0.060732628013492454,-2.7219636357053773e-08,0.0
-0.0609559265146678,-2.690996620283671e-08,0.0
-0.06129309165224995,-2.6378536304396343e-08,0.0
-0.06151862233957732,-2.5960733704996227e-08,0.0
-0.06185679363835101,-2.539441741300499e-08,0.0
-0.06208142891444975,-2.5046290398124505e-08,0.0
-0.06241594084779913,-2.4496069322662413e-08,0.0
-0.06263663568561065,-2.4177512372923043e-08,0.0
-0.06296310007981658,-2.3616874042912306e-08,0.0
-0.0631770944017946,-2.3176811660222626e-08,0.0
-0.06349169296063749,-2.2662398510918405e-08,0.0
-0.06369669517015672,-2.2354453100421048e-08,0.0
-0.06399643140175025,-2.1848838559677073e-08,0.0
-0.06419076785592007,-2.154132514178755e-08,0.0
-0.06447365975106116,-2.108953369958606e-08,0.0
-0.064656380593799,-2.068556505467342e-08,0.0
-0.06483436345227506,-2.044742454610651e-08,0.0
-0.0650925203176942,-2.001086229357488e-08,0.0
-0.06525887371957904,-1.972744986229185e-08,0.0
-0.06550014909262604,-1.934382848599719e-08,0.0
-0.06565579973346247,-1.8990578923594795e-08,0.0
-0.06588213543099598,-1.8593786117230927e-08,0.0
-0.06602872485369678,-1.8419175613347612e-08,0.0
-0.06624305956759083,-1.805220732656281e-08,0.0
-0.06638283538008007,-1.7789735404211535e-08,0.0
-0.06658891455457787,-1.7387896319338833e-08,0.0
-0.06672458309013526,-1.70885583019541e-08,0.0
-0.06692670746403041,-1.670351814729402e-08,0.0
-0.0670612523589853,-1.6517338294723622e-08,0.0
-0.06719620781092656,-1.62170788919988e-08,0.0
-0.06740047643767626,-1.5775325950865265e-08,0.0
-0.06760836852474836,-1.5334423413392447e-08,0.0
-0.06774973064050684,-1.5004371528439354e-08,0.0
-0.06789380181006217,-1.4740753795850009e-08,0.0
-0.06811583884861909,-1.4225742581032813e-08,0.0
-0.06826832967046025,-1.3843088753050035e-08,0.0
-0.06850452622330659,-1.3289695180978488e-08,0.0
-0.06866733258263462,-1.2904514544982389e-08,0.0
-0.06892004659318747,-1.2304144859400434e-08,0.0
-0.06909439277847716,-1.1903423004924918e-08,0.0
-0.06936490767533857,-1.124648132150873e-08,0.0
-0.06955126791118345,-1.079120653223506e-08,0.0
-0.06983971117123697,-1.0104905303729335e-08,0.0
-0.07003777948853464,-9.636216518434202e-09,0.0
-0.07034310888059198,-8.910356560030204e-09,0.0
-0.07055181569277752,-8.397320809020711e-09,0.0
-0.07087190705313512,-7.636262111178073e-09,0.0
-0.07108950256933773,-7.142329028311949e-09,0.0
-0.0714212492297516,-6.376354621464939e-09,0.0
-0.07164537938047065,-5.846521528792214e-09,0.0
-0.07187137627805316,-5.305949043951789e-09,0.0
-0.07221289583119034,-4.55420169722252e-09,0.0
-0.07244160018420572,-4.100704705009095e-09,0.0
-0.07278506312050123,-3.369927055100081e-09,0.0
-0.07301365413707238,-2.8509292108583142e-09,0.0
-0.07335485691656889,-2.15747460682139e-09,0.0
-0.0735805672376687,-1.6967439963032386e-09,0.0
-0.07391544625664054,-1.0447574265238342e-09,0.0
-0.07413565543206777,-7.288497840887034e-10,0.0
-0.07446044981098514,-1.7135162897252996e-10,0.0
-0.07467277338884486,2.931549054677595e-10,0.0
-0.07498412878839378,8.411109416859225e-10,0.0
-0.07518654978950608,1.209405142084718e-09,0.0
-0.07548189761617571,1.7462428024396692e-09,0.0
-0.07567301455030427,2.0441613504063493e-09,0.0
-0.07595073222089069,2.5738983062153928e-09,0.0
-0.07612985245765577,2.9899427554398927e-09,0.0
-0.07638960455576695,3.469276231771291e-09,0.0
-0.07655699171792306,3.736667063003323e-09,0.0
-0.07671995990637515,4.000077526676518e-09,0.0
-0.07695663352185961,4.448979911470707e-09,0.0
-0.0771096259156699,4.815170997350759e-09,0.0
-0.07733269372292119,5.21663825226239e-09,0.0
-0.07747761066537563,5.424148505337575e-09,0.0
-0.07769018214080982,5.836487073685592e-09,0.0
-0.07782924158341668,6.061416011407923e-09,0.0
-0.07803483567117554,6.4368712562555694e-09,0.0
-0.07817050442068144,6.741928686557063e-09,0.0
-0.07837299126318494,7.121636260716855e-09,0.0
-0.07850795082910589,7.311434501713947e-09,0.0
-0.07871146606884546,7.661391683195532e-09,0.0
-0.07884851314566588,7.912916085146957e-09,0.0
-0.0790572282326201,8.28462000448725e-09,0.0
-0.0791990707515874,8.575702207199563e-09,0.0
-0.07941682867401358,8.947940392015715e-09,0.0
-0.07956581649288963,9.18062016927582e-09,0.0
-0.07971819412268855,9.46340490243001e-09,0.0
-0.0799536273423861,9.883898159648558e-09,0.0
-0.08011542221514413,1.0188203321933283e-08,0.0
-0.08036566295079028,1.0629817732931952e-08,0.0
-0.08053759761776125,1.0934207859106454e-08,0.0
-0.08080313549124192,1.1419393595035691e-08,0.0
-0.08098515114156632,1.1765745420971764e-08,0.0
-0.08126535248869958,1.2298560930248212e-08,0.0
-0.08145668578182123,1.266862160137334e-08,0.0
-0.08174993719435394,1.3242188759507515e-08,0.0
-0.08194922677260345,1.3678790906078094e-08,0.0
-0.08225310269360059,1.4332109181914719e-08,0.0
-0.08245850066616052,1.4760231338237155e-08,0.0
-0.08276992408876363,1.5460683931580845e-08,0.0
-0.08297920048252354,1.5939116128902167e-08,0.0
-0.08329460491168757,1.672067195107762e-08,0.0
-0.08350526437275972,1.729672396682287e-08,0.0
-0.08382078710418185,1.8128558039684487e-08,0.0
-0.08403021092808119,1.8639916050197022e-08,0.0
-0.08423841073686865,1.9225445972255805e-08,0.0
-0.08454753601633283,2.014728835036095e-08,0.0
-0.08475094282798253,2.0810508280974453e-08,0.0
-0.08505114209357595,2.1756583678440668e-08,0.0
-0.08524752452986734,2.2317418841344077e-08,0.0
-0.08553574859973455,2.329830502146302e-08,0.0
-0.08572330292359294,2.3989679919361503e-08,0.0
-0.08599723389898078,2.496870375574991e-08,0.0
-0.08617469403809906,2.5669197797452628e-08,0.0
-0.08643287837110974,2.6651271993383765e-08,0.0
-0.08659958290999362,2.72145194613477e-08,0.0
-0.08684149970127689,2.8157785374960407e-08,0.0
-0.08699741658099047,2.8831022574907336e-08,0.0
-0.08714914849138077,2.9459091696680488e-08,0.0
-0.08736919678652544,3.033101312672552e-08,0.0
-0.08751111908548874,3.081193989809473e-08,0.0
-0.08771738010056715,3.159032822351396e-08,0.0
-0.08785084318927423,3.21419246521719e-08,0.0
-0.08804568827731059,3.282798429214935e-08,0.0
-0.08817247810540012,3.3219606494768775e-08,0.0
-0.08835884539021002,3.3743806988745654e-08,0.0
-0.08848106109137636,3.3993006723295324e-08,0.0
-0.08866225097328817,3.436903157095615e-08,0.0
-0.08878215906086576,3.460699045680484e-08,0.0
-0.08896160944479531,3.4758174931457127e-08,0.0
-0.08908149145460524,3.478834355417643e-08,0.0
-0.08926254881659693,3.4734307247859066e-08,0.0
-0.08938455133857291,3.46026604481299e-08,0.0
-0.08957025417211127,3.429196955148927e-08,0.0
-0.08969625231081677,3.4040342025206525e-08,0.0
-0.08988914140557536,3.347391352940724e-08,0.0
-0.09002062405654053,3.298428284551562e-08,0.0
-0.09015461366710377,3.2431455582602453e-08,0.0
-0.09036057369389558,3.144512152127354e-08,0.0
-0.09050132445593759,3.07022393974435e-08,0.0
-0.09071772494893343,2.941242489615397e-08,0.0
-0.09086550714730346,2.8448724794430736e-08,0.0
-0.09109234279330036,2.684461376994202e-08,0.0
-0.09124688199355084,2.567042438499687e-08,0.0
-0.09148334696297222,2.3749199805909412e-08,0.0
-0.09164385427289773,2.234802986055704e-08,0.0
-0.09188841306206093,2.0122334950413355e-08,0.0
-0.09205364815413461,1.855505827698703e-08,0.0
-0.09230415157566185,1.6033272933277726e-08,0.0
-0.09247251310169172,1.4248723032809785e-08,0.0
-0.09272635118321693,1.1473950158640612e-08,0.0
-0.09289598851252392,9.494034407795292e-09,0.0
-0.09315026949485014,6.462880342706803e-09,0.0
-0.09331920761939444,4.422982626433708e-09,0.0
-0.09357095017265303,1.2157747603250083e-09,0.0
-0.09373721906916442,-1.00318976869019e-09,0.0
-0.09390189386914848,-3.2767595690596823e-09,0.0
-0.09414530468136159,-6.687732397053923e-09,0.0
-0.09430479696736326,-8.930069438500051e-09,0.0
-0.09453926868496551,-1.239217998609e-08,0.0
-0.09469210159243287,-1.4758716912665013e-08,0.0
-0.09491568729776798,-1.8265798060887284e-08,0.0
-0.09506076005015482,-2.0592009028232435e-08,0.0
-0.09527212353565075,-2.4031415061966222e-08,0.0
-0.09540876505303987,-2.6220892565217997e-08,0.0
-0.09560724103732152,-2.95693014180036e-08,0.0
-0.09573523858264926,-3.1804593256349464e-08,0.0
-0.09592085379339715,-3.4978424688743923e-08,0.0
-0.09604045208201317,-3.7028586970650716e-08,0.0
-0.09621390176799441,-4.000121254393622e-08,0.0
-0.09632577276685259,-4.1855259369295506e-08,0.0
-0.09648835450368508,-4.457812550805333e-08,0.0
-0.09659353974462817,-4.6368428433174475e-08,0.0
-0.09669641019874008,-4.800116000050976e-08,0.0
-0.09684687853239153,-5.033316394410063e-08,0.0
-0.09694498669638951,-5.1755269712548764e-08,0.0
-0.09708947581560141,-5.377767744141727e-08,0.0
-0.09718439792172576,-5.50738122854288e-08,0.0
-0.09732532763693581,-5.678463587618371e-08,0.0
-0.09741868906731373,-5.778310180738622e-08,0.0
-0.09755847340563469,-5.9166903780594074e-08,0.0
-0.09765184327317888,-5.997601860721212e-08,0.0
-0.09779273669069613,-6.10583725400869e-08,0.0
-0.09788753027297281,-6.170053761056372e-08,0.0
-0.09803148927617555,-6.246499852166846e-08,0.0
-0.0981288820869154,-6.287492552548618e-08,0.0
-0.09827745008889704,-6.337520790531812e-08,0.0
-0.0983783111497352,-6.362789712546894e-08,0.0
-0.09853253382667186,-6.386890581921635e-08,0.0
-0.0986373805462783,-6.396527669182091e-08,0.0
-0.09874388296863651,-6.399927397615269e-08,0.0
-0.0989067326291222,-6.394847904601667e-08,0.0
-0.09901731880637228,-6.38562428850179e-08,0.0
-0.09918608085598374,-6.362386607542055e-08,0.0
-0.09930038596613078,-6.341282734222823e-08,0.0
-0.09947426327536742,-6.304043638710815e-08,0.0
-0.0995916004951715,-6.27779113388479e-08,0.0
-0.09976935204264448,-6.230167500507028e-08,0.0
-0.09988876840025006,-6.194391641832234e-08,0.0
-0.1000688049143565,-6.138339008960317e-08,0.0
-0.10018915250185995,-6.098249635054937e-08,0.0
-0.10036965234810585,-6.038666485521549e-08,0.0
-0.10036965234810585,-6.038666485521549e-08,0.0
-0.10036965234810585,-6.038666485521549e-08,0.0
-0.10036965234810585,-6.038666485521549e-08,0.0
-0.10036965234810585,-6.038666485521549e-08,0.0
-0.10036965234810585,-6.038666485521549e-08,0.0
-0.10036965234810585,-6.038666485521549e-08,0.0
-0.10036965234810585,-6.038666485521549e-08,0.0
-0.10036965234810585,-6.038666485521549e-08,0.0
-0.10036965234810585,-6.038666485521549e-08,0.0
-0.10036965234810585,-6.038666485521549e-08,0.0
-0.10036965234810585,-6.038666485521549e-08,0.0
-0.10036965234810585,-6.038666485521549e-08,0.0
-0.10036965234810585,-6.038666485521549e-08,0.0
-0.10036965234810585,-6.038666485521549e-08,0.0
-0.10036965234810585,-6.038666485521549e-08,0.0
-0.10036965234810585,-6.038666485521549e-08,0.0
-0.10036965234810585,-6.038666485521549e-08,0.0
-0.10036965234810585,-6.038666485521549e-08,0.0
-0.10036965234810585,-6.038666485521549e-08,0.0
-0.10036965234810585,-6.038666485521549e-08,0.0
-0.10036965234810585,-6.038666485521549e-08,0.0
-0.10036965234810585,-6.038666485521549e-08,0.0
-0.10036965234810585,-6.038666485521549e-08,0.0
-0.10036965234810585,-6.038666485521549e-08,0.0
-0.10036965234810585,-6.038666485521549e-08,0.0
-0.10036965234810585,-6.038666485521549e-08,0.0
-0.10036965234810585,-6.038666485521549e-08,0.0
-0.10036965234810585,-6.038666485521549e-08,0.0
-0.10036965234810585,-6.038666485521549e-08,0.0
-0.10036965234810585,-6.038666485521549e-08,0.0
-0.10036965234810585,-6.038666485521549e-08,0.0
-0.10036965234810585,-6.038666485521549e-08,0.0
-0.10036965234810585,-6.038666485521549e-08,0.0
-0.10036965234810585,-6.038666485521549e-08,0.0
-0.10036965234810585,-6.038666485521549e-08,0.0
-0.10036965234810585,-6.038666485521549e-08,0.0
-0.10036965234810585,-6.038666485521549e-08,0.0
-0.10036965234810585,-6.038666485521549e-08,0.0
-0.10036965234810585,-6.038666485521549e-08,0.0
-0.10036965234810585,-6.038666485521549e-08,0.0
-0.10036965234810585,-6.038666485521549e-08,0.0
-0.10036965234810585,-6.038666485521549e-08,0.0
-0.10036965234810585,-6.038666485521549e-08,0.0
-0.10036965234810585,-6.038666485521549e-08,0.0
-0.10036965234810585,-6.038666485521549e-08,0.0
-0.10036965234810585,-6.038666485521549e-08,0.0
-0.10036965234810585,-6.038666485521549e-08,0.0
-0.10036965234810585,-6.038666485521549e-08,0.0
-0.10036965234810585,-6.038666485521549e-08,0.0
-0.10036965234810585,-6.038666485521549e-08,0.0
-0.10036965234810585,-6.038666485521549e-08,0.0
-0.10036965234810585,-6.038666485521549e-08,0.0
