x,y,z
4.4787589965054996e-05,1.8437147886872287e-09,0.0
0.0004480374346212589,1.4122843854437756e-09,0.0
0.001845969389503068,-2.3504633566402336e-08,0.0
0.0033129034527942976,-8.724639551534256e-08,0.0
0.006327042979272494,-3.3664543661272955e-07,0.0
0.00888547723062492,-6.721581037879007e-07,0.0
0.013557862547371052,-1.5753489604119106e-06,0.0
0.017235865517363398,-2.5478285725938665e-06,0.0
0.02360894866014969,-4.771576574152239e-06,0.0
0.0284349972105416,-6.9045199080304275e-06,0.0
0.03655170584635573,-1.135078650789632e-05,0.0
0.042554777664601036,-1.532157056725765e-05,0.0
0.05245911943356569,-2.3116285339958225e-05,0.0
0.059668784306893534,-2.974543201499302e-05,0.0
0.07140534085012469,-4.221685184548488e-05,0.0
0.07985141994807332,-5.244954434377505e-05,0.0
0.09346508728614722,-7.109399079814465e-05,0.0
0.10317771607828555,-8.597259333624145e-05,0.0
0.11340549953442933,-0.00010301632717052269,0.0
0.12972381355847665,-0.00013303254231264498,0.0
0.1412609957289691,-0.00015627127571573178,0.0
0.15956668274384123,-0.00019641297930859627,0.0
0.17244426656567677,-0.0002269472673700663,0.0
0.19278403317180912,-0.00027881830919922586,0.0
0.20703345380063495,-0.00031766854585395043,0.0
0.22945447838702107,-0.0003826936862953743,0.0
0.2451072242034857,-0.00043071776397398943,0.0
0.2696572598162281,-0.0005100057959521439,0.0
0.2867453141041357,-0.0005677994290272341,0.0
0.31347244664222806,-0.0006619816624342894,0.0
0.3320279465324399,-0.000729761420922893,0.0
0.3609801773373174,-0.0008388022414380204,0.0
0.3810352058923007,-0.0009162690566766396,0.0
0.40169893835092496,-0.0009973824704305014,0.0
0.43384710234446244,-0.001125427758011194,0.0
0.4560552373908448,-0.0012146397414234797,0.0
0.4905442012381955,-0.0013533480156472314,0.0
0.5143288292440409,-0.0014484392710540335,0.0
0.5512067778514482,-0.0015936645331685567,0.0
0.5766002659938996,-0.001691273290538844,0.0
0.6159153747744156,-0.0018369895655321274,0.0
0.6429493991919942,-0.0019323877425290756,0.0
0.6847491517218637,-0.0020703278511863643,0.0
0.7134554097113324,-0.002157157968098912,0.0
0.7577866967425283,-0.0022764153012383797,0.0
0.7881960696249403,-0.002346424298839459,0.0
0.8192953502070763,-0.0024069096672671227,0.0
0.8672483716624597,-0.002475748242511408,0.0
0.9000932896855333,-0.0025040915562235715,0.0
0.9506868155607787,-0.0025146629130374095,0.0
0.9853065574783542,-0.002496652520159118,0.0
1.0385840723057624,-0.0024234557662353123,0.0
1.0750080059178106,-0.002338176629075443,0.0
1.1310139229708556,-0.0021451377435950784,0.0
1.1692710882307844,-0.001966593428962395,0.0
1.228047691159701,-0.0016123108475577788,0.0
1.268165640130286,-0.0013112777554720027,0.0
1.3297532356944195,-0.0007494697346335229,0.0
1.3717582030539632,-0.0002934490014977229,0.0
1.4361951760618838,0.0005271148323960455,0.0
1.480111872599406,0.0011739294875668747,0.0
1.547434273530149,0.0023094743804171966,0.0
1.5932861821768436,0.003186264408229507,0.0
1.6635284368847458,0.0046981358433431574,0.0
1.7113379036142198,0.005847522356037534,0.0
1.7845321958794347,0.007802231837818085,0.0
1.834319693319502,0.009270281159558904,0.0
1.910495487853723,0.0117395581954996,0.0
1.9622798021652954,0.01357585208241599,0.0
2.014867514040303,0.015574102883324312,0.0
2.095261105638278,0.018894310829939795,0.0
2.1498683214221623,0.021336145367486552,0.0
2.2333017503004764,0.025364667492580685,0.0
2.289941954052458,0.028308157924279723,0.0
2.3764334598981396,0.03313474198348029,0.0
2.4351174632274484,0.036641475505567345,0.0
2.5246812183601803,0.04236112729491415,0.0
2.585417245881134,0.0464962053363064,0.0
2.678063674230624,0.05320919894746378,0.0
2.740857074114703,0.058041160392242386,0.0
2.836591875446486,0.06585282786741653,0.0
2.901445040002057,0.0714535802468116,0.0
3.000269201761708,0.08047419439220833,0.0
3.0671809555888907,0.08691882085087795,0.0
3.1349150488542272,0.09372271501228444,0.0
3.2380559100308752,0.10463001339423182,0.0
3.3078412786018307,0.11238806836565694,0.0
3.4140528940315455,0.12478787150132131,0.0
3.4858802185693154,0.1335823655156177,0.0
3.5951455579626486,0.14760007884313378,0.0
3.6690018777582663,0.15751599584364398,0.0
3.781298997434985,0.17328108080415142,0.0
3.8571671088957733,0.18440579009057081,0.0
3.972465793192112,0.20205067622948183,0.0
4.050323787233269,0.21447362819761331,0.0
4.168588817981702,0.23413422690901545,0.0
4.248410992033108,0.24794697298143437,0.0
4.369600325193251,0.26976190041403225,0.0
4.451356289675844,0.2850576503300446,0.0
4.575421012013412,0.3091678951986198,0.0
4.659075992931029,0.32604138904514457,0.0
4.743479659788227,0.34357274466904014,0.0
4.871474509701582,0.3711370636329019,0.0
4.957720293250459,0.39038068417768756,0.0
5.088444372117517,0.4205861436640755,0.0
5.176485858591031,0.4416391810633676,0.0
5.3098658679861765,0.4746319957948045,0.0
5.39965175408249,0.4975922014336939,0.0
5.535606840846075,0.5335192229632607,0.0
5.6270806749193225,0.5584846134717024,0.0
5.765522242324241,0.5974928942578228,0.0
5.858622068841686,0.6245613507231721,0.0
5.999453372322608,0.6667975976627846,0.0
6.094112419839859,0.6960668980396214,0.0
6.189375137827013,0.7262437337246607,0.0
6.333374967117378,0.7732444909686567,0.0
6.430094068566419,0.8057578306503113,0.0
6.576219807545232,0.8563355049701361,0.0
6.674315828828421,0.8912813049660849,0.0
6.822444168331946,0.9455788830262626,0.0
6.921832114425129,0.9830517418376183,0.0
7.071831327317156,1.041209878125516,0.0
7.172420571143639,1.0813026694470071,0.0
7.3241507344445225,1.143459323431425,0.0
7.425845390979391,1.186263071831746,0.0
7.579158711449424,1.2525531922514457,0.0
7.68185759527687,1.2981567200471889,0.0
7.836598353264013,1.3687117145057404,0.0
7.94019500211152,1.4172013127807588,0.0
8.044119622602917,1.4668687732100167,0.0
8.20058169951989,1.543607243637654,0.0
8.305245977979979,1.596276507149131,0.0
8.46272912895229,1.677577340621063,0.0
8.568013904963042,1.7333270697105008,0.0
8.726335547948638,1.8193055260409112,0.0
8.83211687471887,1.8782108789313403,0.0
8.991087624748953,1.9689769174301315,0.0
9.097236616280815,2.031109020908863,0.0
9.256659495902454,2.1267661129703828,0.0
9.363042592208187,2.19219183837366,0.0
9.52271371151596,2.2928368011103757,0.0
9.629192820271381,2.3616184302753753,0.0
9.735670726448811,2.4317588048623335,0.0
9.895334595678937,2.539536110584709,0.0
10.001707640899957,2.613111027212081,0.0
10.161103563861616,2.726078419296032,0.0
10.267223538158573,2.8031378608453705,0.0
10.426126793833651,2.921366619537564,0.0
10.531841854971216,3.0019551356735987,0.0
10.690021561015852,3.1255073581422006,0.0
10.795176120219189,3.209663468983363,0.0
10.952396441603533,3.338592446887059,0.0
11.056831485518797,3.4263484049144535,0.0
11.212851115023945,3.5606972459673636,0.0
11.316404046174394,3.6520782714449855,0.0
11.470977187733107,3.7918800486251563,0.0
11.573482951587854,3.8869049639395348,0.0
11.726360336424623,4.032182977596427,0.0
11.827651813968332,4.130864113928774,0.0
11.978581090366129,4.281631501976092,0.0
12.078488944404809,4.383973925182018,0.0
12.227214798865033,4.540232932473231,0.0
12.325568018298704,4.646234514874302,0.0
12.423251117071716,4.753697414297864,0.0
12.568458784704289,4.9176272260349325,0.0
12.664345501122845,5.028733643105552,0.0
12.806728554673645,5.198115101518827,0.0
12.900645335538561,5.31284506544842,0.0
13.039942930507257,5.4876423144530975,0.0
13.131678386819162,5.606010479608418,0.0
13.267304021752416,5.786686413725058,0.0
13.35676743433525,5.908819259728627,0.0
13.489418748986264,6.094527466714882,0.0
13.576743408474917,6.2200168219503995,0.0
13.705942702701076,6.410785986619629,0.0
13.790818765470076,6.539656129021808,0.0
13.874641564724298,6.6698760897231635,0.0
13.998317756188607,6.867726704062708,0.0
14.079344366031942,7.001298391863398,0.0
14.19866345720461,7.204142882518615,0.0
14.276681953465104,7.341016949813266,0.0
14.391341456212118,7.548768299459152,0.0
14.46616043750382,7.688876830428204,0.0
14.575884610789307,7.901418753111051,0.0
14.647322370232482,8.044679843975926,0.0
14.751841106282013,8.26188534265828,0.0
14.81972160069665,8.408209512347664,0.0
14.918776902188585,8.629935895934302,0.0
14.98293051035344,8.779218239033371,0.0
15.07626860919301,9.005284338548053,0.0
15.136527438399202,9.157390764861054,0.0
15.19518303466965,9.310587029666815,0.0
15.280105642496396,9.542373656534055,0.0
15.334644596185543,9.69819143069814,0.0
15.413279527639897,9.933797275574806,0.0
15.463553536067547,10.092084456557295,0.0
15.535684710638762,10.331277033641939,0.0
15.581553978079924,10.491875842478388,0.0
15.646978106120095,10.734414468659448,0.0
15.688311385793218,10.897161870160181,0.0
15.746838034285423,11.142798286754214,0.0
15.783512672196416,11.307526399075083,0.0
15.834964327956643,11.55600537978837,0.0
15.86686630214185,11.722541875883124,0.0
15.896829224357623,11.889752553460102,0.0
15.938102376159833,12.141770325858879,0.0
15.963147562401947,12.310541411418384,0.0
15.996972689381304,12.564764328041912,0.0
16.017006939986096,12.73491442368434,0.0
16.04325076177082,12.9910679745938,0.0
16.058189568617774,13.162412552705137,0.0
16.076731837683184,13.420217814073261,0.0
16.08649937535794,13.592569589998336,0.0
16.09723285450361,13.851743778004002,0.0
16.101761959096162,14.024913075817187,0.0
16.104592379695386,14.2851700900923,0.0
16.10382269138242,14.458965852821228,0.0
16.100898252498734,14.632967026700786,0.0
16.092354215859707,14.894348014214442,0.0
16.083809766375147,15.068878569375562,0.0
16.066668703288386,15.331144014035667,0.0
16.052396765409096,15.506339479636273,0.0
16.026910521840083,15.769749303827252,0.0
16.00737762546119,15.945828946251302,0.0
15.974671250520633,16.21077754616324,0.0
15.950887685898834,16.388038288530986,0.0
15.91282986634999,16.655007268069216,0.0
15.886244952803692,16.833780993750015,0.0
15.845197690902815,17.10324006325189,0.0
15.817411950777277,17.283786240626757,0.0
15.775652835286863,17.55599213531103,0.0
15.74803393787128,17.73837613884692,0.0
15.720773584271074,17.921464286568277,0.0
15.68081708649748,18.197334900694354,0.0
15.654932967654817,18.38200465047522,0.0
15.617444810717284,18.660010552815805,0.0
15.593485202119387,18.845935604969053,0.0
15.559372907139805,19.12556548273535,0.0
15.538034977678793,19.312398639953894,0.0
15.508547117605993,19.593167964110805,0.0
15.490809631138518,19.7806500177687,0.0
15.46743313425327,20.06224781218968,0.0
15.454172884897657,20.250181791134885,0.0
15.438014163643095,20.532302332306795,0.0
15.429847974455694,20.7204795953527,0.0
15.42167398716977,21.002805403467097,0.0
15.419019142522487,21.191012638548745,0.0
15.41933361704969,21.473223284483286,0.0
15.422455096493616,21.661247539956623,0.0
15.431566438328776,21.943025859630115,0.0
15.440619638105476,22.130657700505406,0.0
15.45869953599709,22.411693052692776,0.0
15.473764961208303,22.598727850726355,0.0
15.491246052237123,22.78546764033776,0.0
15.522001833949327,23.064954997886588,0.0
15.545528511637947,23.25081934251606,0.0
15.585347971865163,23.528847509351504,0.0
15.614908749646988,23.713642600709456,0.0
15.663759443348027,23.989923605804528,0.0
15.699324172085204,24.17345916134472,0.0
15.757150269822533,24.447709934411577,0.0
15.798675642365996,24.62979871443815,0.0
15.865404358604007,24.901740473609358,0.0
15.912837223137183,25.08219794750636,0.0
15.988382668386754,25.351555803291056,0.0
16.041662008849684,25.53019994899928,0.0
16.097261331402315,25.708068338868507,0.0
16.18498561285406,25.973353893857123,0.0
16.24633493937979,26.149158169636507,0.0
16.342628265941734,26.411214937987694,0.0
16.409651687314888,26.58477884249385,0.0
16.514797057188048,26.843281913447417,0.0
16.587921110783302,27.014491395911158,0.0
16.701189867475684,27.269773225637365,0.0
16.77917007871723,27.43883950339258,0.0
16.89993126521668,27.69061168402317,0.0
16.98299730141508,27.857169098149974,0.0
17.111461884007856,28.104960005847175,0.0
17.199686788489956,28.268733540774445,0.0
17.335891132630945,28.51217427110924,0.0
17.429262503313737,28.67294034698024,0.0
17.573148186413075,28.91172055198485,0.0
17.671606875270246,29.06928531289387,0.0
17.772077535104835,29.22551955531333,0.0
17.92652353093227,29.45731663259172,0.0
18.031964472012053,29.610105516228938,0.0
18.193808014459126,29.836615442230308,0.0
18.304132018779153,29.985809483043067,0.0
18.4732177408316,30.20682933548401,0.0
18.588349946148398,30.352295162093657,0.0
18.764852018992773,30.567589423871933,0.0
18.88526844724706,30.709126654831692,0.0
19.070275423130862,30.918501554830716,0.0
19.19638958931522,31.05641291161543,0.0
19.388890127379547,31.261692350361198,0.0
19.51896189599609,31.398004902377888,0.0
19.71551161315177,31.6029074334931,0.0
19.846723077267118,31.74060660055897,0.0
19.977549907755744,31.879538412801264,0.0
20.173213463283968,32.08969498867002,0.0
20.303576045495745,32.23042961309789,0.0
20.499793479970016,32.441388838083654,0.0
20.631477932327243,32.5813925941389,0.0
20.83086344868092,32.7897387117907,0.0
20.96534575785606,32.927187611500315,0.0
21.170167636771545,33.13064979079216,0.0
21.309187664173358,33.26424916297758,0.0
21.521457941046656,33.461800281609804,0.0
21.664984926721527,33.59217119627049,0.0
21.882555789878964,33.78662103550755,0.0
22.02871998099696,33.915987827300775,0.0
22.248448567601088,34.11114782330981,0.0
22.394478091581554,34.24288024548247,0.0
22.53992380741711,34.37595785137357,0.0
22.757408485660697,34.57727560439377,0.0
22.902226481373823,34.712050443006895,0.0
23.11994590638576,34.91387449138472,0.0
23.265839464359683,35.0475967852747,0.0
23.486322352539588,35.24617404944798,0.0
23.634697770931535,35.376853238544456,0.0
23.86009496729874,35.569698197959696,0.0
24.01266429727936,35.695864684130626,0.0
24.245035421500667,35.881736169379295,0.0
24.401823944838615,36.004044702716,0.0
24.559774185021976,36.125542675971985,0.0
24.798311155286143,36.307047084952,0.0
24.957792891649422,36.428459194093364,0.0
25.19640867015087,36.61298866716981,0.0
25.354773736655726,36.73774419018427,0.0
25.591635317076577,36.926508359614644,0.0
25.749355832445534,37.0527981031735,0.0
25.9863786124079,37.241593271585444,0.0
26.145070235301034,37.3663901608727,0.0
26.384588659744338,37.55118343220956,0.0
26.54551326549577,37.67239411195975,0.0
26.78951455698461,37.85054109394572,0.0
26.954325043465953,37.96655639759851,0.0
27.204755492052815,38.13678801244675,0.0
27.3734043414563,38.248478034440694,0.0
27.62827001379228,38.41440379743948,0.0
27.799063549077136,38.524562959549364,0.0
28.05547350857014,38.69108169532763,0.0
28.225886008172424,38.80393026606364,0.0
28.480597161728,38.975553828987785,0.0
28.650014070871883,39.09089198354166,0.0
28.90403793521698,39.26399738589586,0.0
29.07371610373708,39.37865317471324,0.0
29.24391011527127,39.49220180609601,0.0
29.50053186465649,39.65973884407503,0.0
29.672757209496428,39.76917300218551,0.0
29.933495065925886,39.9292324284143,0.0
30.10926606278825,40.03292500517493,0.0
30.375723268314346,40.18449463415695,0.0
30.554821976462765,40.28369199314993,0.0
30.825092565127516,40.43085589321324,0.0
31.005971125047616,40.52863429007381,0.0
31.277315369476106,40.677007587054234,0.0
31.457675315658964,40.777896847178454,0.0
31.727465246907737,40.93141655035826,0.0
31.906992035620387,41.034541223692216,0.0
32.17624246194072,41.18896555835242,0.0
32.35605074653558,41.290915111301615,0.0
32.536310885158734,41.39156184050565,0.0
32.80783185262345,41.53940191384779,0.0
32.98989056852007,41.63541862526021,0.0
33.26525138715131,41.77482902997389,0.0
33.45059586847502,41.86452426339067,0.0
33.73084719086921,41.99534381494062,0.0
33.918839486765016,42.08087894622172,0.0
34.20211707294859,42.207758022912394,0.0
34.391478832307875,42.292244446421606,0.0
34.67539914400745,42.421177323990676,0.0
34.86418143993356,42.50922817580803,0.0
35.14672101283697,42.64344603667654,0.0
35.334779221636886,42.73365194641112,0.0
35.61679162059828,42.86855538225929,0.0
35.805024995279254,42.95737757770865,0.0
35.99359909890311,43.044806267283505,0.0
36.277433933229354,43.17254084628948,0.0
36.467647494606766,43.254908855001524,0.0
36.75504597517434,43.37354490324138,0.0
36.948124543819794,43.44946058603412,0.0
37.239487024950144,43.55999777990756,0.0
37.43463604701907,43.632239693478446,0.0
37.72832669221314,43.7395512946939,0.0
37.924414583073286,43.81153016574796,0.0
38.21823489280073,43.922416828155704,0.0
38.41369231095704,43.998369828155276,0.0
38.70637688890328,44.11415411101628,0.0
38.901250133634115,44.19183124935285,0.0
39.19352460283033,44.30748646258573,0.0
39.38855839736197,44.38321569139476,0.0
39.583857989585574,44.45737517491695,0.0
39.87764789177638,44.5648421429326,0.0
40.0744635089323,44.633341293403724,0.0
40.37159997950862,44.730836961258575,0.0
40.57080924323022,44.7930226069105,0.0
40.87089174369584,44.88357872458124,0.0
41.071625331324086,44.94279805193763,0.0
41.373445789304476,45.03089073436367,0.0
41.57486786470173,45.09028544515904,0.0
41.876729448436855,45.182627187264515,0.0
42.077626969066614,45.24632069811157,0.0
42.37854295004875,45.343853211175016,0.0
42.578905564011976,45.4094767776528,0.0
42.779161102492864,45.47485447456623,0.0
43.07960518456159,45.571143066919234,0.0
43.28008236155043,45.63348602187993,0.0
43.58146763064749,45.72315974446963,0.0
43.7832089327925,45.77971031443291,0.0
44.087403610200525,45.85934123918103,0.0
44.29107273597122,45.9098151703081,0.0
44.59758833470402,45.98301718954933,0.0
44.80248346109941,46.03076986217373,0.0
45.11038591180312,46.101838992750764,0.0
45.315819617687275,46.15001768393572,0.0
45.623786769042646,46.225726984179595,0.0
45.8288331473665,46.278427709063976,0.0
46.13604522885269,46.359606757838264,0.0
46.340621051188805,46.41443846482268,0.0
46.64722980917302,46.49625618657747,0.0
46.85159908091742,46.54961414631104,0.0
47.15835012609719,46.626654360044846,0.0
47.36327301325581,46.67529484318109,0.0
47.671846868536576,46.743073035548434,0.0
47.878386691268304,46.785088773707244,0.0
48.08544212965234,46.82533510709851,0.0
48.39682918181861,46.883470058762875,0.0
48.60485157284145,46.92135120239029,0.0
48.917283712839954,46.977912785080115,0.0
49.1256908986788,47.01670993337048,0.0
49.43816025958739,47.07862142624742,0.0
49.64627622561263,47.12210692832335,0.0
49.958161314244606,47.18943991834468,0.0
50.165871982908584,47.2350348815515,0.0
50.47713796644279,47.303024083949616,0.0
50.68453623924992,47.347186198953715,0.0
50.99566031586301,47.410437652320105,0.0
51.20341069870148,47.4497635248545,0.0
51.411696662504724,47.48620489960043,0.0
51.725107884921286,47.53617257512481,0.0
51.93456379321842,47.56729564923159,0.0
52.249409815745075,47.61183398475948,0.0
52.459661738374216,47.64072126103766,0.0
52.7753467854484,47.68383396130648,0.0
52.985898571094104,47.7135042574326,0.0
53.30171863764443,47.76166731728936,0.0
53.512138492887495,47.79625479411824,0.0
53.8275571275259,47.85063448522724,0.0
54.03767328103077,47.887893689341574,0.0
54.35252181404278,47.94404546651017,0.0
54.562232723511194,47.980739167907686,0.0
54.87666969899984,48.033266665046035,0.0
55.086454558480575,48.06576162884014,0.0
55.29662501865006,48.095543300908076,0.0
55.612710951934986,48.13531265197385,0.0
55.82386738925767,48.159516380436486,0.0
56.14116300412907,48.19353228825895,0.0
56.35300235973593,48.21531563274215,0.0
56.67103070497288,48.24762962037481,0.0
56.8831173104241,48.26977523614771,0.0
57.20133012075953,48.306270005760716,0.0
57.41342167789216,48.33330098455069,0.0
57.731421054646404,48.376703720250006,0.0
57.94330643377376,48.406907782753045,0.0
58.26086332673481,48.45298060679562,0.0
58.47234051413121,48.48340092187281,0.0
58.78930609375625,48.527045803763286,0.0
59.00063170611174,48.553952070380056,0.0
59.31815098001787,48.58947039838515,0.0
59.53027922959719,48.609888929440565,0.0
59.74268692555963,48.628455877817416,0.0
60.06177146750071,48.6538474086565,0.0
60.274764235619394,48.66977068581924,0.0
60.59449699097222,48.69316085548351,0.0
60.807694255314374,48.70908983195524,0.0
61.12758690198279,48.73570945298122,0.0
61.34087566303701,48.75624808168391,0.0
61.66074048121309,48.790284737851955,0.0
61.873914997010914,48.81447667990547,0.0
62.193485959724185,48.851929832404416,0.0
62.4063179504707,48.87699348829996,0.0
62.7252148893805,48.91323056253926,0.0
62.937712809504866,48.93553355519591,0.0
63.150365753442664,48.955537417135204,0.0
63.469900966196434,48.980450135661,0.0
63.68323404568807,48.99444327441206,0.0
64.00362891418318,49.012807632523305,0.0
64.21745896694058,49.02393354174787,0.0
64.53842389395143,49.03998991948414,0.0
64.7524228890635,49.05083800223927,0.0
65.07346485590496,49.06926842577921,0.0
65.28757285661193,49.08424412800528,0.0
65.60873634706601,49.11038993691221,0.0
65.82281691309,49.12953814761801,0.0
66.14382605786021,49.15978142274587,0.0
66.35767089018752,49.18033672248833,0.0
66.67806873070934,49.2104381225327,0.0
66.89146652790075,49.22909708112806,0.0
67.10489002991642,49.245803894452486,0.0
67.42543173977664,49.265883625840196,0.0
67.63939664030715,49.27636594571344,0.0
67.96067204565429,49.28914624428321,0.0
68.17506159658114,49.29633176046489,0.0
68.496866667708,49.30618390370982,0.0
68.71144142264923,49.312687762147675,0.0
69.03322474722289,49.32365385203863,0.0
69.24781107036253,49.3330902034343,0.0
69.56979123296644,49.35160081803049,0.0
69.78445630210261,49.36608470631293,0.0
70.10643119487523,49.38992483878258,0.0
70.32101384904668,49.40661767374097,0.0
70.64261266490844,49.43181398169251,0.0
70.85677369561019,49.44789630913103,0.0
71.17786538338055,49.469238240545224,0.0
71.39208744920367,49.48052482233763,0.0
71.71380128209904,49.492766638916365,0.0
71.92846726148164,49.49872386627666,0.0
72.25072777431734,49.50547886446932,0.0
72.46570475281342,49.50916111839556,0.0
72.68072194881707,49.512655390973585,0.0
73.0031504632941,49.51844844143348,0.0
73.21809896697116,49.523817593351865,0.0
73.54068698657773,49.536106012910736,0.0
73.75579761842381,49.54683239437358,0.0
74.07848612655003,49.56547621080543,0.0
74.29359180182026,49.5789916704846,0.0
74.61607780936149,49.59987801250025,0.0
74.83084230691196,49.61355492627942,0.0
75.15269570778952,49.63207108912917,0.0
75.36728602419188,49.64199983336889,0.0
75.68949576595288,49.651973215874804,0.0
75.90447394393566,49.656068626442256,0.0
76.22716678949934,49.65962719032738,0.0
76.44242794762235,49.66090805901919,0.0
76.65774817111176,49.66181033200871,0.0
76.98066172286136,49.663257581075534,0.0
77.1958342897073,49.66508393628608,0.0
77.51869653477996,49.671302904651085,0.0
77.73404408998198,49.67842300809093,0.0
78.05712949001273,49.69228168006727,0.0
78.27254230799436,49.703001286145685,0.0
78.59561269221905,49.72024756880786,0.0
78.81085642169982,49.73195380583985,0.0
79.13335800888558,49.748599125238336,0.0
79.34820221072383,49.758063624625485,0.0
79.67065361539434,49.76782031947225,0.0
79.88580375761603,49.771228214340304,0.0
80.2087235041298,49.773168837975945,0.0
80.42412911173426,49.772979981066534,0.0
80.63961254372369,49.77211216617041,0.0
80.96285937746349,49.77041600666258,0.0
81.17824850755271,49.76957251548463,0.0
81.50124096481954,49.77049895474077,0.0
81.71667672952516,49.77382398616417,0.0
82.03996915089006,49.78296069018202,0.0
82.25554659188842,49.790995442462574,0.0
82.57894688087588,49.80489272197944,0.0
82.79450866163914,49.81477857879633,0.0
83.11759396291302,49.82957149977465,0.0
83.33274743590525,49.838612956029614,0.0
83.65539063378098,49.84903114837166,0.0
83.87063814834819,49.85280876544015,0.0
84.19371518837222,49.854426662097936,0.0
84.40921169848369,49.853593022567004,0.0
84.62479230057721,49.851730042405784,0.0
84.94825361848424,49.847945227459974,0.0
85.16385506753258,49.84531854458405,0.0
85.48703644688538,49.84235791819623,0.0
85.702467044147,49.84219474555475,0.0
86.02580965781175,49.84645815533836,0.0
86.24145565738841,49.85186387243737,0.0
86.56500338426494,49.86255817085181,0.0
86.78072745096792,49.87078885287757,0.0
87.10422525934368,49.88376460320072,0.0
87.31970405459113,49.89228029684045,0.0
87.64260304531803,49.903342173074215,0.0
87.85786775486328,49.908364803772336,0.0
88.18100542544632,49.9110620987834,0.0
88.39654186993245,49.91040040932867,0.0
88.61215836412579,49.908330256542506,0.0
88.9357104766223,49.90352780620189,0.0
89.15144095150941,49.89981108796523,0.0
89.47488363885282,49.89439028221222,0.0
89.69035278238621,49.8916600525047,0.0
90.0136023915799,49.89095753064293,0.0
90.22923651599524,49.89358574707494,0.0
90.55279824664177,49.900977330740226,0.0
90.76856351502268,49.90753481441651,0.0
91.09224158580425,49.91874589626979,0.0
91.30796307799515,49.926552327279445,0.0
91.63123829000529,49.93776458972669,0.0
91.84657381127384,49.94393329791174,0.0
92.16968641884795,49.94913061508423,0.0
92.38524334671975,49.94947548599445,0.0
92.60087618770525,49.94800469258657,0.0
92.92446064176049,49.9433527472829,0.0
93.14025123785107,49.93925113027376,0.0
93.46391343579754,49.93262098877833,0.0
93.67954532082487,49.92841707186722,0.0
94.0028063980668,49.92407868758876,0.0
94.21839800163954,49.92378868476755,0.0
94.5419754597897,49.92780774851922,0.0
94.75776680361803,49.93259311039819,0.0
95.08153448331205,49.94183645376964,0.0
95.29738699852916,49.94875297698045,0.0
95.62099830566746,49.959299650882166,0.0
95.83652806808864,49.96576001038669,0.0
96.15970897823843,49.97267251481871,0.0
96.37529071549184,49.97426302525515,0.0
96.69884126416889,49.9725544408025,0.0
96.91462802981849,49.96949708199067,0.0
97.23841387105041,49.96310787130933,0.0
97.45428801965855,49.95826547829836,0.0
97.77792928606543,49.95105615827187,0.0
97.99349910493525,49.94702577543542,0.0
98.20903844924221,49.94456899960172,0.0
98.53254122615022,49.9454530882614,0.0
98.74830875543879,49.94873138384368,0.0
99.07206095660464,49.95637472440361,0.0
99.28794562518911,49.96266355400158,0.0
99.61174350824754,49.972840721833975,0.0
99.82746707770869,49.9795899504008,0.0
100.15073356142025,49.98831809193991,0.0
100.36620847070017,49.99201914359415,0.0
100.68963529004087,49.99279261240899,0.0
100.90535312722409,49.9907511462214,0.0
101.22905146373222,49.98508387965596,0.0
101.44491412067593,49.980196946695536,0.0
101.76869425937221,49.97224368720765,0.0
101.98441399894085,49.96705203455249,0.0
102.1999753981026,49.96257431512997,0.0
102.52328544709682,49.959007045049624,0.0
102.73896104591931,49.959750800612035,0.0
103.06260810656708,49.96460957585582,0.0
103.27844264408418,49.969622599108064,0.0
103.60226227600018,49.97873037261879,0.0
103.81811994865961,49.98525628741772,0.0
104.14166639160172,49.99478373015429,0.0
104.35717506964183,50.00009963610045,0.0
104.68048327537885,50.00446843238775,0.0
104.8961683330111,50.004224745898036,0.0
105.21983099386959,50.00038400124235,0.0
105.43568386144251,49.996182319023454,0.0
105.65158061109977,49.991171437247466,0.0
105.9754001157873,49.98303895194208,0.0
106.19113663781376,49.97773500193021,0.0
106.51448279572429,49.97144376068923,0.0
106.73007729039023,49.96960545456944,0.0
107.0536749192156,49.971519114231675,0.0
107.26948904952762,49.97511400743511,0.0
107.59331067791277,49.98284154223804,0.0
107.80922817293167,49.988921612437665,0.0
108.13301532117323,49.99843393374835,0.0
108.34868677922218,50.004473237434404,0.0
108.67198788404038,50.01135519136508,0.0
108.88759748838106,50.01327136572005,0.0
109.1033235851313,50.012655571173916,0.0
109.4270407192951,50.00836702986135,0.0
109.6429269809292,50.00392185698981,0.0
109.96681557951683,49.99595178276365,0.0
110.18269689565338,49.9903544388854,0.0
110.50625206604617,49.982538085168734,0.0
110.72182810052175,49.978735228999014,0.0
111.04534855858338,49.977228930797764,0.0
111.26115429451701,49.97916845113275,0.0
111.58497484723925,49.98508261193952,0.0
111.80091729387294,49.99040364116012,0.0
112.1248429837145,49.99938618845114,0.0
112.34069468995636,50.00549063588386,0.0
112.66415579224778,50.01365939417573,0.0
112.87971343944737,50.01729836103422,0.0
113.09537168972618,50.01850700532348,0.0
113.41903612782332,50.015991028758876,0.0
113.634889974222,50.012278440107785,0.0
113.95876895256325,50.00473566152534,0.0
114.1747091280989,49.999016148771425,0.0
114.49847116163265,49.99034868998675,0.0
114.71410199378914,49.9851490861111,0.0
115.0374411398653,49.98019303331092,0.0
115.25312575543477,49.97994685193121,0.0
115.57680611353538,49.98360137691289,0.0
115.7926667461288,49.98793376082198,0.0
116.11654205368541,49.9962045858393,0.0
116.3324591882427,50.002283540438334,0.0
116.65613531098266,50.01132448546339,0.0
116.87170638366126,50.016560753052595,0.0
117.1950132342401,50.021214406522894,0.0
117.41068558526842,50.0211561891347,0.0
117.73433166481155,50.01728692585871,0.0
117.9501707946627,50.01290704342871,0.0
118.27401196362597,50.00471063782544,0.0
118.48989865426734,49.99877152661887,0.0
118.81351511682165,49.99008618722525,0.0
119.02908283305536,49.98528857831665,0.0
119.35249102082003,49.9816514350413,0.0
119.56824330854839,49.98236029876775,0.0
119.78406683627831,49.98497983332605,0.0
120.10791223767714,49.991469798850424,0.0
120.32385854902333,49.99687647703354,0.0
120.64772914441033,50.00557722108117,0.0
120.86348581960635,50.01122354110895,0.0
121.18688891257248,50.01786752417131,0.0
121.40253889489044,50.01985261593856,0.0
121.72622200680698,50.01820541467383,0.0
121.9420938852086,50.014872674901895,0.0
122.26600343825544,50.00764692680873,0.0
122.48197541283312,50.00197387547211,0.0
122.80582518667728,49.993163762443544,0.0
123.0215301051771,49.9876805464882,0.0
123.34491432964222,49.981856545846796,0.0
123.56060282257397,49.980824176280414,0.0
123.8843120081325,49.98359462307524,0.0
124.10019416006133,49.98747073556895,0.0
124.42411087691023,49.99524957739054,0.0
124.64007140639447,50.00112114377904,0.0
124.96385386698228,50.010010635259974,0.0
125.1794971787765,50.01533275086919,0.0
125.50286438906735,50.02042784580894,0.0
125.71856954675981,50.020748543212356,0.0
126.04227865073283,50.01724931197182,0.0
126.25815925024725,50.0130377126782,0.0
126.58206481416775,50.00497446860639,0.0
126.79800098919615,49.9990506752291,0.0
127.01384510211835,49.99311787473763,0.0
127.33731066792399,49.98527562801624,0.0
127.55288648538814,49.98189090203937,0.0
127.8764496835514,49.98142006823817,0.0
128.0922638256652,49.98380465315466,0.0
128.41609580549087,49.99011249315233,0.0
128.63204141992256,49.99551307704472,0.0
128.95594442787947,50.004357156242,0.0
129.17174765603968,50.01021935374171,0.0
129.49513562952006,50.01765259803884,0.0
129.71069841207603,50.02046559901366,0.0
130.03425019627895,50.01991005777127,0.0
130.2500421096947,50.01703013899775,0.0
130.46589326120753,50.012718148642,0.0
130.78975617435395,50.00450529301631,0.0
131.00566607584562,49.99848268868542,0.0
131.32933317647021,49.989552593685524,0.0
131.544902040535,49.98440900404306,0.0
131.86821892407397,49.97992998418319,0.0
132.08389915073698,49.98009324732118,0.0
132.4075570644975,49.984104837246264,0.0
132.62340335675117,49.98856769613705,0.0
132.94725221988335,49.99687061720154,0.0
133.16314041082518,50.002870302349855,0.0
133.48675076912772,50.01163369797038,0.0
133.70230553073745,50.016481150979665,0.0
134.02567376492377,50.02021935120719,0.0
134.2413948263735,50.019561007005656,0.0
134.4571859860664,50.01695998723506,0.0
134.78098378195057,50.010442177525036,0.0
134.99690309484131,50.00497959645903,0.0
135.3207498114283,49.99614758193143,0.0
135.5365020725307,49.990369576447605,0.0
135.85987328035682,49.98336158449094,0.0
136.07547806942566,49.980993371086214,0.0
136.39909615792445,49.98211832083969,0.0
136.6149292652507,49.98523102876252,0.0
136.93878500634844,49.99227453676851,0.0
137.1547309330046,49.99792403169615,0.0
137.47857413826526,50.00682143256106,0.0
137.69429207380514,50.01247749158618,0.0
137.90987363049973,50.017150579547454,0.0
138.23331346573661,50.020453433593694,0.0
138.44908115966385,50.01952477527052,0.0
138.77285628966897,50.01477470108065,0.0
138.98877729722946,50.010026267785555,0.0
139.3127098803584,50.00160726385362,0.0
139.52861360107124,49.995713323658805,0.0
139.85219095602992,49.9874616782094,0.0
140.06777412878333,49.98337352993163,0.0
140.39129632743195,49.98143344558265,0.0
140.60710403321028,49.98310832493114,0.0
140.93092941196053,49.98865847719734,0.0
141.14687834095673,49.993758281423084,0.0
141.47082375857192,50.00243805701742,0.0
141.68669868704774,50.00835602665169,0.0
142.01020841968966,50.01628492666197,0.0
142.22580793274648,50.01978212394355,0.0
142.54940849388606,50.02044599895654,0.0
142.7652496810571,50.018180777891146,0.0
143.08912264469438,50.012040908543575,0.0
143.30509509194405,50.00674464761658,0.0
143.62903680988137,49.99804585905872,0.0
143.84486490503957,49.9922755463707,0.0
144.06051982463435,49.98712178389517,0.0
144.38392789360208,49.98237001273004,0.0
144.59966387884316,49.982294877452844,0.0
144.92341301333025,49.98607047157719,0.0
145.1393190715459,49.99042392345127,0.0
145.46325751950008,49.99863528286202,0.0
145.67920823612778,50.00461817197942,0.0
146.00291822763327,50.01342399915425,0.0
146.2185266290659,50.01838013496921,0.0
146.54194564346966,50.022398337730316,0.0
146.75769732494996,50.0219186393001,0.0
147.0814542908354,50.017606081708294,0.0
147.2973649254447,50.013025660191246,0.0
147.5133180743282,50.00758390913733,0.0
147.83722829054807,49.998717301895724,0.0
148.0530319510573,49.99286388373165,0.0
148.37643210504376,49.98552349429224,0.0
148.59201793565893,49.982822844928954,0.0
148.91560501130343,49.98353046182635,0.0
149.13141848713246,49.98647196599733,0.0
149.45524669096778,49.99339724750369,0.0
149.67118217029685,49.999060755554986,0.0
149.99503870489679,50.008098636918696,0.0
150.210785266967,50.01394976181179,0.0
150.53414033195645,50.02095906225066,0.0
150.74973565556658,50.02323618747699,0.0
151.07333687553916,50.02193587372522,0.0
151.28915586309606,50.01873785060197,0.0
151.50503344525106,50.014216584178,0.0
151.82892322588413,50.00589790599049,0.0
152.04482989934405,49.99993091387133,0.0
152.36845019380965,49.99128571256975,0.0
152.58402594418612,49.98663035552528,0.0
152.90747473712307,49.983393645581856,0.0
153.123248823696,49.98434492049277,0.0
153.44703338615219,49.98909619498425,0.0
153.6629602803768,49.99382955360006,0.0
153.9868979291223,50.00220293627207,0.0
154.20280013401964,50.00805406379394,0.0
154.52637116329927,50.01620499005242,0.0
154.74195739848233,50.02018164707114,0.0
155.0654916032534,50.021909445238364,0.0
155.2813052856387,50.02011887332886,0.0
155.49717989340584,50.016658292194016,0.0
155.8210922937654,50.0092735463133,0.0
156.03706463510864,50.00351629119184,0.0
156.36091041611962,49.99460886360511,0.0
156.57661118430073,49.98908497235495,0.0
156.89999430967148,49.98324170727926,0.0
157.11568420373263,49.98221331564272,0.0
157.4393948717988,49.98497748865444,0.0
157.65527813372822,49.988842225833245,0.0
157.97919656617637,49.996593497653215,0.0
158.19515783296444,50.00243989600913,0.0
158.5189413223375,50.01127853303111,0.0
158.7346020084143,50.016515542738986,0.0
158.95019679675627,50.020346895060094,0.0
159.27376207993453,50.0217246098789,0.0
159.48959119947133,50.01977274118613,0.0
159.81344706322255,50.01393711236941,0.0
160.02941304803005,50.00873236391973,0.0
160.3533682111305,50.00001673570463,0.0
160.56923135038807,49.99414561534937,0.0
160.8927346426914,49.9865075602315,0.0
161.10836242234058,49.98336670652017,0.0
161.43201378198873,49.98330780904628,0.0
161.6478818570584,49.985863478924394,0.0
161.97179285693485,49.99231182192742,0.0
162.1877851907684,49.997726706254234,0.0
162.51173583429704,50.006485386198214,0.0
162.72755126462488,50.01221681484888,0.0
162.9431975904707,50.017216795441286,0.0
163.2666322816876,50.021496369042715,0.0
163.48239085023454,50.021202507809036,0.0
163.80616273787922,50.01703728610666,0.0
164.02208285929146,50.01249531389651,0.0
164.34603618276168,50.00411008944688,0.0
164.56198703285787,49.9980776739998,0.0
164.8856789676651,49.98930333140267,0.0
165.10128938973176,49.98449853037706,0.0
165.4247578771658,49.98092825404135,0.0
165.64054446973157,49.981690608646005,0.0
165.96434879884805,49.98626008030415,0.0
166.18028969492678,49.9909266692403,0.0
166.50425735003986,49.999279901506014,0.0
166.7201919253533,50.00516278956604,0.0
167.04382261367718,50.013470099838,0.0
167.2594361168166,50.01765328376204,0.0
167.58300281333507,50.01978399978518,0.0
167.79884320200694,50.0182233480079,0.0
168.12271851023633,50.01282341195604,0.0
168.33870014930548,50.00781157031237,0.0
168.66269312290024,49.99924586561119,0.0
168.8785987400106,49.99339341839549,0.0
169.09433438927678,49.987910488031574,0.0
169.41775158298552,49.982038785322445,0.0
169.6334561698973,49.98095322080047,0.0
169.95718979455268,49.98368154078174,0.0
170.17308756319613,49.98754929561166,0.0
170.49702827802696,49.995343358646316,0.0
170.71300705489386,50.00124239336411,0.0
171.03682494296646,50.010191933805885,0.0
171.25250612161162,50.01554936009367,0.0
171.57593175016967,50.02077618285856,0.0
171.7916728520582,50.02124774714014,0.0
172.11544365223398,50.01791136185681,0.0
172.33136541625922,50.013794814550266,0.0
172.5473364079038,50.00866534204829,0.0
172.87130780648084,50.00000412447001,0.0
173.0871915022429,49.99413502390447,0.0
173.41071720983706,49.98638133833501,0.0
173.62633854115785,49.98306851132418,0.0
173.94997280533536,49.982714084397415,0.0
174.1658324343233,49.98514746291744,0.0
174.48973108487286,49.99149865419089,0.0
174.705718569268,49.99690761168453,0.0
175.02967641025873,50.00573639927765,0.0
175.24550863139717,50.01157140534136,0.0
175.56894393321207,50.01889362599861,0.0
175.78454747157332,50.02158225155886,0.0
176.10815781796504,50.020846738755814,0.0
176.32398561414306,50.01788009452733,0.0
176.5398718101293,50.01349832083543,0.0
176.86378463302643,50.00521402325291,0.0
177.07972446626388,49.99916465704758,0.0
177.40343027325258,49.99022746700222,0.0
177.61903209832644,49.98512856728738,0.0
177.94241874092546,49.98079021072425,0.0
178.1581488395141,49.98105574882864,0.0
178.48187872442165,49.985139211818534,0.0
178.6977722468855,49.98961023596678,0.0
179.02168578905903,49.99786443106486,0.0
179.23760843483865,50.00379502077641,0.0
179.56125306494462,50.01239451630378,0.0
179.77684256075253,50.01703131241483,0.0
179.9924557223912,50.019811711459795,0.0
180.3160913311507,50.01928519871453,0.0
180.53194254465535,50.01646328361727,0.0
180.85582709448127,50.00974282924156,0.0
181.0717965267858,50.004232586305584,0.0
181.39569163471612,49.99544423097093,0.0
181.61145786737043,49.989790535042594,0.0
181.9348866823172,49.98324868909778,0.0
182.1505661498451,49.981411704011286,0.0
182.4742900807581,49.98324058354624,0.0
182.69018782395474,49.9866546051969,0.0
183.0141339252051,49.99394927984681,0.0
183.23012629683885,49.999633365693676,0.0
183.55399494346406,50.0084144675307,0.0
183.76971178790174,50.01382198980782,0.0
183.98532047731712,50.018034171613266,0.0
184.30886295562536,50.020251474561235,0.0
184.52468624427416,50.018712084561884,0.0
184.84853480713556,50.01329073317307,0.0
185.06450019974187,50.008230868323295,0.0
185.38847823416975,49.99954543054077,0.0
185.60438523943319,49.993587861214436,0.0
185.92792590572589,49.985444725322964,0.0
186.14349580615374,49.98164471352701,0.0
186.46702158913027,49.980453755432066,0.0
186.68281752627746,49.98252234253196,0.0
187.00662190150152,49.988539781613504,0.0
187.22255528980347,49.99387178426588,0.0
187.54646906973892,50.00278536738234,0.0
187.7623121583322,50.00879253278571,0.0
187.97799077181062,50.01432991401844,0.0
188.30135997124944,50.02011258056225,0.0
188.5170435165166,50.021097591415476,0.0
188.84074532001304,50.01828140265202,0.0
189.05662301290113,50.014393040511194,0.0
189.38053259900613,50.006625010680104,0.0
189.5964866567747,50.0007792218378,0.0
189.92025373571303,49.99195161006096,0.0
190.13588442233942,49.98669288470234,0.0
190.45924504164873,49.98176883370056,0.0
190.674950237075,49.98159970876314,0.0
190.99865325530945,49.98524511352735,0.0
191.21452959941413,49.98952767091189,0.0
191.53842635771088,49.99765795624237,0.0
191.75435264741262,50.003602469445255,0.0
192.07803300006353,50.01237344546181,0.0
192.29362151729606,50.01733522874024,0.0
192.61700259135577,50.02140739595931,0.0
192.83272977232772,50.02096715494039,0.0
193.04853006855035,50.018507247060946,0.0
193.37234130557968,50.01211060738989,0.0
193.58827299595978,50.00666735941135,0.0
193.91215363314794,49.99778217627779,0.0
194.12793985955872,49.99190514878741,0.0
194.4513089083955,49.984493862628874,0.0
194.66687031383927,49.98173344039883,0.0
194.9904223943653,49.98235682400828,0.0
195.20621378805163,49.98525154891243,0.0
195.53001005911432,49.992116791696304,0.0
195.74592537701966,49.997747362366745,0.0
196.0697544279525,50.00674561561857,0.0
196.28548357501376,50.01258114419799,0.0
196.60880340450015,50.019601838420726,0.0
196.82436977062747,50.02190111421893,0.0
197.04005477686866,50.021587918101105,0.0
197.36371717354905,50.017413974162615,0.0
197.57956612552564,50.01287415720742,0.0
197.90341568543477,50.004503579598925,0.0
198.11929927218642,49.9984876092838,0.0
198.44288898238614,49.98973453669838,0.0
198.65842311483135,49.98492829628488,0.0
198.9817725853677,49.98137323025227,0.0
199.1974799279204,49.98215928305424,0.0
199.52116569323292,49.986776367175096,0.0
199.73702913698256,49.991487988378516,0.0
200.06088553373405,49.999929468419644,0.0
200.27675130883702,50.00588294113612,0.0
200.49248042955418,50.01167925799294,0.0
200.81579379267268,50.01872817660406,0.0
201.03134908864686,50.02110413107955,0.0
201.35489018271457,50.019936145333354,0.0
201.57067029154672,50.01677813079743,0.0
201.8944483048533,50.009633263619115,0.0
202.1103465419089,50.00389396692068,0.0
202.4341307712704,49.99483379448165,0.0
202.6498195940726,49.989044879152786,0.0
202.97313319416136,49.982364647061246,0.0
203.18873805393136,49.98046958873667,0.0
203.5123515926609,49.982221948046934,0.0
203.72817700651197,49.985588431704755,0.0
203.94406009311803,49.99019208959999,0.0
204.2679443494768,49.99847332814057,0.0
204.4838266026043,50.0043214577783,0.0
204.80738087816107,50.01260821732452,0.0
205.02293165649377,50.016826161161624,0.0
205.34638512467134,50.01907894804529,0.0
205.56215129700146,50.017553795095374,0.0
205.88591648706404,50.01214325246138,0.0
206.1018274573223,50.007083891600466,0.0
206.42572584367207,49.99838841488421,0.0
206.64158152818487,49.99241754711208,0.0
206.96504772159722,49.984243597653446,0.0
207.18056810503325,49.980412311910605,0.0
207.5040180382275,49.97914496250359,0.0
207.7197646427555,49.98117096217235,0.0
207.93557131600392,49.98483006940255,0.0
208.25938358712756,49.9924516213016,0.0
208.47529008705652,49.998326475778626,0.0
208.79903594674988,50.007357682689104,0.0
209.0146707549328,50.01292765866461,0.0
209.3379544481554,50.018814427171534,0.0
209.55357647182907,50.01987496599238,0.0
209.87718748556674,50.017128717992094,0.0
210.0930053265912,50.01325809153513,0.0
210.41682900450988,50.00547120774455,0.0
210.63273138206034,49.999583759524945,0.0
210.95643627090476,49.99065879250748,0.0
211.17204152397912,49.98531798888133,0.0
211.49535808654747,49.98013704326859,0.0
211.71102984848542,49.97971088574336,0.0
212.03469732557403,49.9830916734358,0.0
212.25055168076187,49.987229550662,0.0
212.46645617670964,49.99237433417414,0.0
212.79032862308966,50.00104870307212,0.0
213.0061462176086,50.00692148861314,0.0
213.3295720648175,50.014673836161094,0.0
213.54512355962416,50.01799224074089,0.0
213.86865097082756,50.01835516362551,0.0
214.0844401668302,50.015914052036834,0.0
214.40823510385536,50.00953355224827,0.0
214.62415608245118,50.004092566965454,0.0
214.94802138391898,49.99519872824419,0.0
215.1637988799939,49.98931072481063,0.0
215.4871570540211,49.98187113163559,0.0
215.70270549306827,49.97906319322898,0.0
216.0262379937156,49.979624940473954,0.0
216.24201730988986,49.98249110215742,0.0
216.56579613674168,49.98932360302769,0.0
216.78170081856686,49.99493921144835,0.0
216.9975967464165,50.000915313018886,0.0
217.32124064689077,50.00975361902972,0.0
217.64457773481845,50.01672359020237,0.0
217.8601783766818,50.018942019301974,0.0
218.07590154091764,50.01857545846848,0.0
218.3996218172175,50.014433109034556,0.0
218.61550925575406,50.00997067046777,0.0
218.93940661094084,50.001800794717276,0.0
219.15530758644402,49.995967559499086,0.0
219.47889899752892,49.987582915619605,0.0
219.6944541461311,49.98317649258473,0.0
220.01789075202842,49.98049992161001,0.0
220.23364953514928,49.9817936883404,0.0
220.55740524339058,49.98696328875112,0.0
220.7733116646641,49.9919264721829,0.0
221.0972138376376,50.00057160149078,0.0
221.3130858023894,50.00656166337522,0.0
221.6366067109934,50.014838109902705,0.0
221.85217609870864,50.01880968112218,0.0
222.17570236169422,50.02044422445395,0.0
222.39151082430624,50.01863380109767,0.0
222.7153384378254,50.01298957471015,0.0
222.9312869253737,50.00790049884066,0.0
223.1472504526681,50.002251310114936,0.0
223.471068456425,49.99356371991346,0.0
223.6867577037608,49.98828090965372,0.0
224.01019031796784,49.98302965199771,0.0
224.22593776544457,49.982490770093115,0.0
224.549724129618,49.98574147694011,0.0
224.76565685464672,49.98980423711357,0.0
225.08963694613558,49.997666894835454,0.0
225.3056186282302,50.00347221186747,0.0
225.6293832669492,50.012086726510724,0.0
225.84503049248832,50.01696527969571,0.0
226.16851397307371,50.020890320581515,0.0
226.3843106938552,50.02036386160563,0.0
226.70813485165064,50.016025810527246,0.0
226.92408920426936,50.01145299212949,0.0
227.24808255741772,50.00314928563426,0.0
227.4640432030767,49.997246236087996,0.0
227.7877183979749,49.98879228338182,0.0
228.00332952457143,49.98436656617146,0.0
228.3268499166983,49.981703190146064,0.0
228.5426626372231,49.98300341308676,0.0
228.86649694728897,49.98816649701816,0.0
229.082454660342,49.99311733564976,0.0
229.4064313079489,50.00173136664074,0.0
229.62235047605208,50.00769315703329,0.0
229.94593992800213,50.015909853610815,0.0
230.16155226014132,50.0198378541738,0.0
230.37724507135627,50.02153873925347,0.0
230.7009830951574,50.019540210612604,0.0
230.91688819319327,50.01604617891117,0.0
231.24084437928306,50.00866792190766,0.0
231.45684181752716,50.00295220335038,0.0
231.78071296996958,49.99415598344519,0.0
231.99643570215662,49.988782239169886,0.0
232.31989974105915,49.983334755937776,0.0
232.53566186034345,49.98264131268537,0.0
232.85947314530773,49.985731745851965,0.0
233.075422327414,49.989721848096465,0.0
233.3994300251777,49.997525819353854,0.0
233.61543540019832,50.0033226381303,0.0
233.93924550745666,50.01197657553478,0.0
234.15490972722543,50.01696602712572,0.0
234.47837971205246,50.021197459383245,0.0
234.69416288123261,50.0208696004109,0.0
235.01796965924623,50.01668984449428,0.0
235.23391266882172,50.01215267173218,0.0
235.55789779149762,50.00379689861438,0.0
235.77386639014895,49.99779734567355,0.0
235.98971707247753,49.99187363088392,0.0
236.31321559417307,49.9844056833275,0.0
236.5288848293201,49.98159356361962,0.0
236.85260641750386,49.98205668964658,0.0
237.06851466561707,49.98481311170706,0.0
237.39248359170455,49.99140637078186,0.0
237.60850652460672,49.996812090640354,0.0
237.93247304946865,50.00541835266531,0.0
238.14827832387786,50.010934508693836,0.0
238.47177035060346,50.01719241483136,0.0
238.68749963100475,50.0187678622744,0.0
239.01128919863365,50.01659965644931,0.0
239.22722690706405,50.01300074955624,0.0
239.55122916520114,50.00547407591603,0.0
239.76725470513134,49.999665213358824,0.0
240.09116229319707,49.990735854789726,0.0
240.30690482878362,49.98527936378877,0.0
240.6303981533533,49.979725876541295,0.0
240.84617764578377,49.97896611155189,0.0
241.170013908363,49.98196552638763,0.0
241.38597970007376,49.98589977839024,0.0
241.71001345156384,49.99362639131475,0.0
241.9260378327775,49.999375220390576,0.0
242.2498813069519,50.00795846441586,0.0
242.46557759673482,50.01288858142519,0.0
242.78910660256,50.01704082840677,0.0
243.00493087226224,50.01667736256959,0.0
243.22082877785533,50.01427042583257,0.0
243.5447831940213,50.007925450455936,0.0
243.76080763202626,50.00249818059444,0.0
244.08482355237018,49.993611814766766,0.0
244.3006984619896,49.987722870879196,0.0
244.62421870716645,49.980328752590815,0.0
244.83988895725642,49.97756336995702,0.0
245.1636024178577,49.97813051745698,0.0
245.37950196860461,49.980984362372276,0.0
245.70345742037773,49.98776315338543,0.0
245.91947509639712,49.993318308231174,0.0
246.2434477110954,50.00217984570349,0.0
246.45926710310195,50.007897794204524,0.0
246.78275712514548,50.01460304253839,0.0
246.998465380519,50.01658854088318,0.0
247.32223207292165,50.014934463053926,0.0
247.53815750957983,50.01159225642007,0.0
247.86214563420242,50.00434020328698,0.0
248.07816954930146,49.998642203255436,0.0
248.40209819598428,49.98978660026659,0.0
248.61785578681835,49.984263968463395,0.0
248.83348228254536,49.97984138202631,0.0
249.1570121958695,49.977160462341125,0.0
249.3728292403182,49.97846807320907,0.0
249.69666841110336,49.98367276857996,0.0
249.9126295742999,49.988669279103696,0.0
250.23661581291714,49.997377287970416,0.0
250.45254724008257,50.0034152768908,0.0
250.77615383313736,50.01180467251186,0.0
250.9917624873017,50.01590697543125,0.0
251.31533455239526,50.01775787780873,0.0
251.53117291375224,50.016051802270134,0.0
251.85504364664865,50.01050188334717,0.0
252.07102175909077,50.00543245425567,0.0
252.39500545642463,49.99684195627967,0.0
252.61089926528138,49.99100839158126,0.0
252.93444293601667,49.983290716924486,0.0
253.15007284535068,49.979976094256614,0.0
253.47371764784745,49.979605229551126,0.0
253.6895852425562,49.98204192180219,0.0
253.9055118097777,49.98599406824484,0.0
254.22949040222633,49.99382800281551,0.0
254.44548512354868,49.99969899630978,0.0
254.76930081147557,50.00853950495265,0.0
254.98496338124707,50.01376343797643,0.0
255.3083839733311,50.01856360907367,0.0
255.52412902015243,50.018643558781186,0.0
255.84788861263897,50.01489921703436,0.0
256.06380171110186,50.01057131987668,0.0
256.3877514053722,50.00240562247612,0.0
256.60371016065693,49.996458087469314,0.0
256.9274335383992,49.987713269163365,0.0
257.1430533648283,49.982804885551666,0.0
257.46649298227857,49.97887515595136,0.0
257.68225938826134,49.97941606538888,0.0
258.006037357893,49.98379493488321,0.0
258.22196138043694,49.988407730973584,0.0
258.54591266429344,49.996790683397464,0.0
258.7618496517689,50.00275743347247,0.0
259.0854945098981,50.011335492179654,0.0
259.3010791226515,50.01588441199484,0.0
259.5166942086392,50.018487505500254,0.0
259.8403272400258,50.017663190664884,0.0
260.0561708561917,50.014690286017014,0.0
260.3800433471873,50.007776730770175,0.0
260.59600475369774,50.002160696077546,0.0
260.9198870874412,49.99324491957647,0.0
261.13564199270064,49.98751890456436,0.0
261.4590433135478,49.9808723594985,0.0
261.6747001353679,49.97896861837042,0.0
261.9983894584621,49.980725636214366,0.0
262.2142639079542,49.98411393237123,0.0
262.5381769726722,49.99140521579581,0.0
262.7541509135161,49.997109976121145,0.0
263.07800231627874,50.00595133747105,0.0
263.2937138573104,50.0114269347409,0.0
263.6171243259864,50.01720737811389,0.0
263.8328336112342,50.018217964226345,0.0
264.15657196835986,50.01545031082349,0.0
264.37247336217763,50.0115874488829,0.0
264.6964174349721,50.00384296469551,0.0
264.91239382760915,49.99800338161373,0.0
265.23619546261807,49.989177459331955,0.0
265.4518676228304,49.98396065004753,0.0
265.77531860921295,49.9791033178913,0.0
265.9910873592457,49.978932412880084,0.0
266.31489125957495,49.98255078478576,0.0
266.5308344493919,49.986778970310084,0.0
266.74682330790733,49.991958617795405,0.0
267.0708039953276,50.00058807968186,0.0
267.2866745903023,50.00637327777776,0.0
267.61020200271895,50.013758384191064,0.0
267.82587675110017,50.01660708751132,0.0
268.1496059661727,50.01621536939411,0.0
268.3655212302552,50.01346997623703,0.0
268.68950015140666,50.00685866539046,0.0
268.9055303030092,50.001417512934665,0.0
269.2295115136313,49.99272715826412,0.0
269.44533114138795,49.9871369590708,0.0
269.7688454623543,49.98072714695803,0.0
269.98459055960586,49.97902976554595,0.0
270.30840825824566,49.98101739233916,0.0
270.5243662916916,49.98449592062476,0.0
270.848399013414,49.99183672876122,0.0
271.0644436879695,49.997518385361644,0.0
271.38837630204443,50.006253104408295,0.0
271.604138286928,50.01155866496039,0.0
271.92768863511526,50.01679542162937,0.0
272.14351654470886,50.017306361864456,0.0
272.4674204448695,50.014052164605474,0.0
272.68343013675934,50.010009194177094,0.0
273.00752152085335,50.002210701051034,0.0
273.2235723426677,49.99646986912023,0.0
273.5474296150858,49.98798350764672,0.0
273.763138454294,49.98323351138554,0.0
274.0867279139069,49.97959555929646,0.0
274.3025932956037,49.98031531378756,0.0
274.6265144330965,49.98487869058796,0.0
274.84253102536655,49.989570771831175,0.0
275.16661112407365,49.99800575082775,0.0
275.3826221689166,50.00396815647609,0.0
275.5984937821388,50.00978068707008,0.0
275.92202680565424,50.0168333494452,0.0
276.1377397690386,50.01916615093352,0.0
276.46151695100866,50.01796478727493,0.0
276.67745189119836,50.01483529314399,0.0
277.00145689269726,50.007797210582694,0.0
277.2174987938644,50.00217270407418,0.0
277.54147705618067,49.99334115017293,0.0
277.7572786047281,49.98775132172,0.0
278.08079189514586,49.98158033917905,0.0
278.29655456600466,49.98018283093062,0.0
278.6203890125611,49.98252883690936,0.0
278.83635594633404,49.98618071072097,0.0
279.1603988577966,49.99369583372886,0.0
279.3764445784207,49.9994381257726,0.0
279.70036256115236,50.0081890398803,0.0
279.9161147026817,50.0134221748927,0.0
280.2396675250813,50.01843082104349,0.0
280.45549872587384,50.01875024903305,0.0
280.6714164002768,50.01686544663538,0.0
280.9954032147384,50.0111313357387,0.0
281.2114541706337,50.005995014926555,0.0
281.5355311875627,49.99738329298031,0.0
281.7514706751654,49.99158256910586,0.0
282.07508685988057,49.98407483065429,0.0
282.2907970695547,49.981059883893096,0.0
282.6145712848122,49.98119543087672,0.0
282.83051737010186,49.98384486073608,0.0
283.15454202441094,49.99039744242404,0.0
283.37060647644364,49.99585644435419,0.0
283.6946555348426,50.00464717688234,0.0
283.91052934830435,50.01037328042118,0.0
284.2340714575605,50.01723426872831,0.0
284.4497942864911,50.01940523533096,0.0
284.77358041693765,50.01797599175151,0.0
284.9895180342871,50.01472147588418,0.0
285.313525808222,50.0075153739764,0.0
285.52956853999893,50.00179202980511,0.0
285.853545377713,49.992829676686,0.0
286.0693451522456,49.98716763880966,0.0
286.392848161582,49.98088246979755,0.0
286.6085977259652,49.9793963365229,0.0
286.82445753500605,49.98041030610894,0.0
287.1483656947138,49.98524298218657,0.0
287.3643729771223,49.99002476243253,0.0
287.6884289202804,49.998460263475636,0.0
287.9044084913592,50.00434580924308,0.0
288.22809279740704,50.01253880053804,0.0
288.4437643596267,50.016505564289666,0.0
288.7674412835584,50.018156843488235,0.0
288.9833474753251,50.01636436658457,0.0
289.30731808877886,50.01073237396414,0.0
289.5233592625413,50.00563994779765,0.0
289.8474257010679,49.997059545139265,0.0
290.0633626575711,49.99125909069573,0.0
290.3869702554383,49.98368931828962,0.0
290.6026582087509,49.9805620178479,0.0
290.92639286222294,49.98052515699158,0.0
291.14231387493834,49.983110247961235,0.0
291.4663017754046,49.98962561704673,0.0
291.6823450954417,49.99510014468041,0.0
292.00637504173415,50.0039671694734,0.0
292.2222462741676,50.009783986085104,0.0
292.54577676997434,50.01689567830717,0.0
292.7614819432343,50.01931523089352,0.0
293.085249342367,50.01823893396736,0.0
293.30117966098004,50.01516259147396,0.0
293.6251782932039,50.0081754255458,0.0
293.8412172888751,50.00256550549849,0.0
294.0572284545756,49.996673067801154,0.0
294.38100230217145,49.98812264002985,0.0
294.59668507309533,49.98354133668991,0.0
294.9203015815439,49.98042982517608,0.0
295.136185586015,49.98144468549648,0.0
295.460131884343,49.98625716016367,0.0
295.6761635315456,49.991007580271486,0.0
296.0002498488092,49.99937026598883,0.0
296.21624228849447,50.00519358911758,0.0
296.5399471459522,50.01322592994949,0.0
296.7556484791084,50.01701989622062,0.0
297.07937925500966,50.018366674060886,0.0
297.2953185066438,50.016419763031685,0.0
297.61933724903946,50.01062818638209,0.0
297.8354076623871,50.00547861442627,0.0
298.1595067798662,49.99688197691136,0.0
298.37545402695974,49.99111364707973,0.0
298.6990958763296,49.98375494468627,0.0
298.9148401591517,49.98089878639815,0.0
299.13070055066567,49.98056059251588,0.0
299.4546469618302,49.984031125815804,0.0
299.67068336523107,49.988197259367084,0.0
299.99481239611544,49.99614819231443,0.0
300.2108857175016,50.00197030435763,0.0
300.5347737199436,50.01054249931699,0.0
300.75051132283414,50.01530606857627,0.0
301.0741523285864,50.01894030391785,0.0
301.290052278628,50.01822705285018,0.0
301.61402441820326,50.01369882333436,0.0
301.8300744500211,50.009043186564234,0.0
302.1542017963294,50.000682632614016,0.0
302.3702407159864,49.99478152596114,0.0
302.6940187785362,49.986411709667586,0.0
302.90970536785346,49.98212716659148,0.0
303.23334971608324,49.979773594319475,0.0
303.4492391774141,49.98125320730418,0.0
303.77318394158686,49.98663306507988,0.0
303.9892127424464,49.99169540334595,0.0
304.2052679814194,49.99743347155716,0.0
304.5292686925021,50.00643725220452,0.0
304.7450871158484,50.01214555994906,0.0
305.06862291463443,50.01852003589354,0.0
305.2843959429243,50.020095118328975,0.0
305.6082487471769,50.01798168910365,0.0
305.8242285585701,50.01445704125466,0.0
306.1482925294388,50.00709368417734,0.0
306.36435532299026,50.00142764383881,0.0
306.68830622160766,49.99275532720183,0.0
306.9040668089541,49.9874999067903,0.0
307.22758733184725,49.98234257326874,0.0
307.44338524033884,49.98191156764524,0.0
307.7672365593835,49.98533977235231,0.0
307.9832095179708,49.98954083693316,0.0
308.3072515054878,49.997641918336754,0.0
308.52327966457307,50.00362374449559,0.0
308.8471237854608,50.01253958665571,0.0
309.06280349247726,50.017717008091644,0.0
309.2784255481452,50.02134776561717,0.0
309.60204100568313,50.02220147488823,0.0
309.8178897055794,50.01998671997446,0.0
310.14177157365356,50.01382638900908,0.0
310.35775395015736,50.00845143486072,0.0
310.6817304746921,49.99954759451788,0.0
310.89760373103485,49.99359087690277,0.0
311.221124411474,49.9858987017166,0.0
311.4367700160837,49.982762068540005,0.0
311.76044912699393,49.98272677652509,0.0
311.97633458891,49.98528797796617,0.0
312.30027109228473,49.99173813897728,0.0
312.5162797473061,49.9971497125602,0.0
312.840252980682,50.00589759139439,0.0
313.0560824804196,50.01161585572166,0.0
313.3795535763025,50.01852937740077,0.0
313.5952250011634,50.02076233159294,0.0
313.918939180765,50.01941081808917,0.0
314.1348313039139,50.01619605459309,0.0
314.35078040962577,50.0116642823993,0.0
314.6747720468985,50.003341939131644,0.0
314.89074106352064,49.997379348362315,0.0
315.2144414301218,49.98874430045984,0.0
315.4300506408328,49.98407936901441,0.0
315.7535310192661,49.98087246155284,0.0
315.9693202590472,49.98186862202795,0.0
316.2931218564453,49.98671367475267,0.0
316.5090599783927,49.99153433414007,0.0
316.8330206911856,50.000073813566914,0.0
317.0489468870023,50.00605435756078,0.0
317.3725603156059,50.01446300930468,0.0
317.5881631771754,50.018682462172436,0.0
317.9117149352499,50.02083699246083,0.0
318.12754519304855,50.01928907247794,0.0
318.451405726039,50.01391073368489,0.0
318.6673781440142,50.00891547728151,0.0
318.9913587599602,50.000378109297856,0.0
319.2072573216884,49.9945464368509,0.0
319.53080155811796,49.98673401570961,0.0
319.74642164907783,49.983303292339016,0.0
320.07004872322574,49.98273109764408,0.0
320.2859051857987,49.98505822867443,0.0
320.60979947652703,49.99130164766509,0.0
320.82578577267685,49.996674076460266,0.0
321.1497493226429,50.00549645286538,0.0
321.365594163577,50.0113522781746,0.0
321.68907808855664,50.01871249387865,0.0
321.904729963823,50.02145746400144,0.0
322.1205010284465,50.02164153931187,0.0
322.4443079012434,50.01802593101116,0.0
322.6602528284782,50.01379020218096,0.0
322.9842471325694,50.00577299078608,0.0
323.2002312592465,49.99992997025265,0.0
323.5239841831097,49.99135524381249,0.0
323.73963328584625,49.98661346039697,0.0
324.0631603312684,49.9830985267617,0.0
324.2789870078083,49.98388478150269,0.0
324.6028508086513,49.98847124716454,0.0
324.8188299667363,49.99314071738931,0.0
325.14284960823585,50.00148604485536,0.0
325.35881298590084,50.007357369701694,0.0
325.6824797465842,50.01562265455393,0.0
325.8981193488949,50.01974658216389,0.0
326.2217267436456,50.021750254194345,0.0
326.4375913383049,50.020119723126065,0.0
326.7615012694781,50.01463984087366,0.0
326.9775052507174,50.00959079982562,0.0
327.3015297171341,50.000993210673386,0.0
327.51745392309147,49.99513304561653,0.0
327.8410398049488,49.987320707191856,0.0
328.0566967765988,49.9839273076488,0.0
328.38038443451995,49.98342433465687,0.0
328.59628258842514,49.98577967731877,0.0
328.92023860697776,49.992020282437295,0.0
329.13626351294283,49.99735958824389,0.0
329.46027557906166,50.0060893959782,0.0
329.67614255595214,50.011861129624435,0.0
329.9996432099481,50.01904915737803,0.0
330.2153069773469,50.021604161408085,0.0
330.53901046222154,50.02069656003188,0.0
330.7548991759969,50.01766962566706,0.0
331.078837168451,50.01067650480375,0.0
331.29484095387556,50.00500889246039,0.0
331.6187849286493,49.99601813704809,0.0
331.83458170448876,49.99025032213952,0.0
332.1580590063485,49.983574804383885,0.0
332.3737761416869,49.981681804910636,0.0
332.5896123625294,49.98233859924192,0.0
332.91349422400623,49.98675701427495,0.0
333.12948598282054,49.99131952508793,0.0
333.45352530438646,49.99951191676621,0.0
333.66950249190484,50.00528547025437,0.0
333.9931929976325,50.01340482427628,0.0
334.2088483869389,50.01743952951418,0.0
334.5324777153981,50.019309853742065,0.0
334.74835559240427,50.01759436755473,0.0
335.0722839847788,50.01199349884844,0.0
335.2882991859315,50.00686759087966,0.0
335.6123382299842,49.99816005166613,0.0
335.8282701902836,49.99222981833647,0.0
336.15185507225874,49.98429270789768,0.0
336.36749262320876,49.980783926144376,0.0
336.6911401127598,49.98010818295976,0.0
336.9070106331886,49.9823974011113,0.0
337.23092538119124,49.98860722010648,0.0
337.44692687361504,49.99397255187986,0.0
337.770919944641,50.00280365851958,0.0
337.9867907765662,50.008679242937234,0.0
338.2024854327069,50.013985902925334,0.0
338.52592071103,50.01910213753103,0.0
338.7416669996454,50.01945804973355,0.0
339.0654385672457,50.01596698948973,0.0
339.28135953552044,50.01174371402177,0.0
339.60532500889167,50.00363805146715,0.0
339.8213021269761,49.997670870023896,0.0
340.1450695143589,49.98880489465568,0.0
340.3607117787535,49.9837123953872,0.0
340.68415737516574,49.97935246172986,0.0
340.89992776747084,49.979598517245044,0.0
341.2237176325088,49.9836391945874,0.0
341.4396504841616,49.9880761838801,0.0
341.7636200953652,49.99627084081328,0.0
341.9795767760249,50.002157077320156,0.0
342.30326184311446,50.01069409863074,0.0
342.5188556665154,50.01532089335112,0.0
342.73445911386233,50.018085079205726,0.0
343.0580718832923,50.0174777663029,0.0
343.2739042374299,50.014569571290714,0.0
343.5977600853425,50.00766750300967,0.0
343.8137144317103,50.00200145287602,0.0
344.1376025744557,49.99293605875722,0.0
344.3533722610646,49.98704749343248,0.0
344.6767531484037,49.97993147568098,0.0
344.8923592411767,49.97755138566193,0.0
345.21597741210655,49.97871250070143,0.0
345.4318086496684,49.98184492290468,0.0
345.75566217762287,49.988918039796594,0.0
345.97160844390453,49.99458678354069,0.0
346.1875315108447,50.000538884999486,0.0
346.5111807388339,50.00919288819882,0.0
346.72676255271773,50.013913515034375,0.0
347.0501944176641,50.017316976124825,0.0
347.2659569719293,50.01644392517209,0.0
347.5897243649712,50.01174277414611,0.0
347.8056404629302,50.00700400492933,0.0
348.1295684860709,49.998565187321965,0.0
348.3454732710047,49.99263821317784,0.0
348.6690515774744,49.9842816909975,0.0
348.8846157751316,49.98005219065078,0.0
349.20808778056943,49.977822212126966,0.0
349.4238641336564,49.97936593348105,0.0
349.74764310540456,49.984807447951106,0.0
349.96356355385984,49.989889377850524,0.0
350.1795111302797,49.995630763981275,0.0
350.5033487876058,50.00461482362291,0.0
350.7190521863317,50.01030769684441,0.0
351.04237393732274,50.016714438167064,0.0
351.25799086963707,50.01828046563614,0.0
351.5816067450198,50.016086733808365,0.0
351.7974286676691,50.01246733993189,0.0
352.12126337044754,50.004893261803375,0.0
352.33718457478096,49.9990421297797,0.0
352.6609526747874,49.99003669032498,0.0
352.876603161405,49.984479633158074,0.0
353.199908739371,49.9785981828455,0.0
353.4155438764676,49.977534884398864,0.0
353.7391748134257,49.98028422429218,0.0
353.95500569415674,49.98415780194841,0.0
354.17089136215344,49.9891603747639,0.0
354.4947632612899,49.99783969175993,0.0
354.7106150822017,50.00383759391774,0.0
355.03409778224704,50.0121269155174,0.0
355.24962779680936,50.01612435364968,0.0
355.57308605323146,50.0177764846033,0.0
355.7888466910097,50.015956331144906,0.0
356.11260183122414,50.010250849801004,0.0
356.3285042557609,50.00508661163326,0.0
356.6523769016014,49.99636608915149,0.0
356.86819833919293,49.99045244555417,0.0
357.19161908800993,49.98257531662617,0.0
357.4071410960849,49.97910071069841,0.0
357.62276008721534,49.97804949148037,0.0
357.94636610137394,49.98084675870711,0.0
358.16217977545097,49.98476757118917,0.0
358.4859978844998,49.9926526638575,0.0
358.70189892193747,49.99861996896485,0.0
359.02560879135785,50.0076834733602,0.0
359.24121622910286,50.013149608847876,0.0
359.5645095264043,50.0186148513176,0.0
359.7801591319879,50.01925486054925,0.0
360.1037980946459,50.01610322003724,0.0
360.3196340962539,50.01207316326574,0.0
360.64347829679974,50.00420749862486,0.0
360.85938097983006,49.99836861455501,0.0
361.1830491935479,49.98964741573045,0.0
361.3986201814194,49.98458465033205,0.0
361.7219297670148,49.98014091853302,0.0
361.9376045256434,49.98031564414892,0.0
362.15335647310525,49.98260078041656,0.0
362.47709605129876,49.988856822481644,0.0
362.6929843699132,49.99428991854126,0.0
363.0168190005229,50.00327523714831,0.0
363.2325957065219,50.00928533947243,0.0
363.5559557326434,50.01708290948425,0.0
363.7714767327459,50.020315785754335,0.0
364.094960291167,50.02048645931023,0.0
364.3107147833546,50.01796912283148,0.0
364.63445867276135,50.01150882598016,0.0
364.8503465840153,50.006038338089375,0.0
365.1741625847353,49.99713303995211,0.0
365.3899064116774,49.99125635897243,0.0
365.71322554786894,49.98389109856161,0.0
365.92876749254253,49.98119565297776,0.0
366.25229623112455,49.98189665312571,0.0
366.46807414891134,49.9848135240654,0.0
366.79185065202415,49.99166494738521,0.0
367.0077502272959,49.99725506081519,0.0
367.3315449931045,50.00615314676735,0.0
367.5472455491092,50.011882353676334,0.0
367.7627975718763,50.016740331199316,0.0
368.08615157524304,50.02056090712328,0.0
368.30186376846757,50.019957027592184,0.0
368.62556289258697,50.01552660946177,0.0
368.8414355496638,50.010906304610344,0.0
369.1653083686894,50.002551685544894,0.0
369.3811893200701,49.996626565323666,0.0
369.7047475600285,49.98816103106594,0.0
369.9202880625751,49.98375045618739,0.0
370.2437116682436,49.98111188151611,0.0
370.45946184232696,49.98241959004923,0.0
370.78320526703067,49.987584382831706,0.0
370.99910370103373,49.99252829688302,0.0
371.3229922672117,50.00112100548236,0.0
371.5388524657732,50.007062652291616,0.0
371.7545555827087,50.01273047782599,0.0
372.07788282282985,50.01918255146261,0.0
372.2934973681586,50.02087426569687,0.0
372.6171166315178,50.01883654628666,0.0
372.8329426549415,50.01529360945655,0.0
373.1567837689879,50.00780607044396,0.0
373.37270995692114,50.00199398902416,0.0
373.6964883043718,49.9930221946139,0.0
373.91214457747344,49.9874632426915,0.0
374.23545829858034,49.98156409394404,0.0
374.45110060674284,49.980492613480585,0.0
374.77474227127453,49.98321600847178,0.0
374.9905804647535,49.987066500512256,0.0
375.31443365200005,49.994815873412726,0.0
375.5303542519042,50.00067368157561,0.0
375.7462102249648,50.0066360605666,0.0
376.0696979970606,50.01485840367963,0.0
376.2852300818559,50.01880644393804,0.0
376.6086893933362,50.02037468461571,0.0
376.824449065348,50.01850126356152,0.0
377.14820184668906,50.0127153936443,0.0
377.36410261665975,50.007497135817395,0.0
377.68797352592,49.998695232641815,0.0
377.9037948088695,49.99272760463909,0.0
378.22721945134185,49.98477471811593,0.0
378.4427560702743,49.981274071921604,0.0
